LAYER_ID	DATASET_ID
346f8cd8-99ff-4330-befe-21562cdd1688	d639909f-bcf3-4875-b8c3-35f030b68ed3
fbdb2177-cb91-4d21-b345-59037e276752	01ddff59-8cbc-4420-8c0d-9d8317a63292
89dc09e9-1ea0-4b34-b598-dd7033388dd4	02dabde7-4878-4b75-a815-95ecce50ee11
7ee6b9c7-0a0e-4bc6-acf0-0c6624d3d3d3	02dabde7-4878-4b75-a815-95ecce50ee11
17971059-aeb1-49da-b0a2-4100ede694e8	03cbbe91-3c9b-443e-8210-b3b547e27cc9
1e102ea2-8de0-4050-921b-dec412e81283	04dce585-e790-4410-9c50-9d0cfd547b61
eefecda4-29a3-4ec5-bd81-88b3333b63b1	057068a5-f080-4b93-abd0-9029cd7a89bc
36be1f40-06f1-4d3a-8e01-a6e6eb911a23	06ef7a04-eef3-42a9-8356-f9fb927909ce
b4581244-3fc1-40dc-87bd-40adadc03a2e	0706f039-b929-453e-b154-7392123ae99e
25d31650-977c-4f0d-9de3-c30806a84cf9	07ebce97-c939-454b-b239-f435ae90541d
e2dc5151-1c91-4c03-b65e-98701b46b850	08874c40-083d-4650-ad6c-e4d2531702a3
2d51bf33-ddc4-4e7d-904d-ba3f82f2ff0b	08ff8183-48dc-457a-8924-bb4e7a87b8a8
f090245b-1b8f-414d-a3ac-6498db3b354b	098b33df-6871-4e53-a5ff-b56a7d989f9a
e1dc5626-c1c2-4d60-a6a9-746a33fe1cb7	098b33df-6871-4e53-a5ff-b56a7d989f9a
ae5cd7f2-f4fe-49f3-8abe-95022f976416	09cb6164-2346-4e2d-b628-8c189e08cae9
acfc2b99-a06b-4763-83e5-7e14539940b3	0a59f415-ee0b-4d19-96f7-c7304c152e1b
929ffb0b-9a13-4617-9a60-9f7c9a83090f	0b9f0100-ce5b-430f-ad8f-3363efa05481
f972c36e-e028-41d8-9961-bca38cd45e2d	0c630feb-8146-4fcc-a9be-be5adcb731c8
efafaa9f-37ec-4f51-be7d-999f58e6823b	0eb7ef57-037b-4356-8902-04a39cf4bd24
16a5ea8b-98ab-4732-bb67-9db0cdfe3d1c	0f6c1472-0c16-4ffb-8313-2468d941f52c
1e38ec0d-b4eb-40fa-bd8a-965545b04d3f	10c28593-cae1-4e8d-9157-f4a393651568
a37ce228-235d-4790-ba4d-d91cc764a400	119506b3-c5a3-423d-8050-d99f15f12457
47835c64-6934-439f-8750-9e3f23debf5c	12510410-1eb3-4af0-844f-8a05be50b1c1
832fdc74-0856-45b6-902c-15985248a114	12510410-1eb3-4af0-844f-8a05be50b1c1
66b3f45c-4737-4616-b664-a9834903c476	125b181c-653a-4a27-8a5f-e507c5a7c530
4fb877f5-bf36-402c-b871-c1dd9e54b7d4	134caa0a-21f7-451d-a7fe-30db31a424aa
d9c4990e-9bdc-421a-9d08-aa8b9eafe4ca	13f2fe37-767f-457d-a31e-1deff3fe7b54
fa233f5c-c0c6-4281-94bd-00ebbe4ab290	16df8ada-87cc-4907-adce-a98bc4e91856
402f0b9a-a54d-4722-8797-0b359cafe33d	17c94214-32ab-44c4-9394-5e8b1f0d5f2b
74b194c9-b9af-406f-bb76-0cd785a31683	19e5ddd3-d8ff-421f-8e35-1e712f48b0dd
dfc8f1ac-35bd-4149-851f-4cbe01d50f0f	1a3d8068-7247-4184-baa6-79926c11eebb
e801c1d2-cfac-49b7-ae76-6e0947c9be65	1b31ec16-c888-4257-9ce4-0de6d93f511b
d21541f4-ef0b-48bb-8e3c-ea88a9d35c13	1c56e5c4-f617-4570-90dd-20724ea674b1
63976c45-d991-4495-a318-45950912510a	1c9a1e4f-455b-4c03-ac88-dd2242a2e4b1
e7ac5042-1077-4d91-9dce-ff7bba967b3a	1d62c2f7-b7b4-473b-baf9-b90b6608613c
13606bdf-aee1-4b87-8d92-06fed4b6f371	1e50614a-ec97-4318-812b-588e96bcd157
84698937-429c-4141-8752-8d8f36a7e98c	20aead6e-fef9-41c7-92c8-ea00edcae077
5ca12eec-f8fe-49eb-b353-67c9eeb5bc6a	20cc5eca-8c63-4c41-8e8e-134dcf1e6d76
9d295f2e-7626-4ed2-9e77-1e13356eaef7	21ac3cd2-9c19-47c7-ad18-4bcad118870f
e266838b-c8fc-4b2b-bd21-4c6a4d14bf3e	21b2b0a0-dc70-4d5a-a8f0-7a3d78b983bb
76224de7-af33-4b5b-bf52-8a90c7b39275	2223f9c9-1acf-4e37-b807-f4b7063b47b1
a2d56570-b9f9-41b7-adeb-2ebc516033f6	223b936e-06b8-4970-abd9-4f123904d95d
792ea3f1-4af1-4927-8da4-128a970b1316	223b936e-06b8-4970-abd9-4f123904d95d
97cec588-0e75-4273-8475-2ac30258a3c2	223b936e-06b8-4970-abd9-4f123904d95d
e25191e9-8150-4371-84c3-996e45863911	223b936e-06b8-4970-abd9-4f123904d95d
699062bd-9d77-45f1-a380-b16f8bf8c9d6	223b936e-06b8-4970-abd9-4f123904d95d
b898f1f0-fb8e-40b6-ba39-9cdce7c32c34	223b936e-06b8-4970-abd9-4f123904d95d
4727b1ce-217a-4ebd-9018-596b17752226	223b936e-06b8-4970-abd9-4f123904d95d
0ac7bf69-388a-48b0-a869-c3240031c4bf	223b936e-06b8-4970-abd9-4f123904d95d
822170ab-88e3-4b9a-a152-367f02ae02b8	23c8646a-8187-4346-8ead-6956287af733
79cffaa8-94be-4813-b18a-805eb680593a	23dc45c4-a1fe-4e31-8f61-9e3de65a0f47
cd867670-df49-4cbb-841b-015e7b13ec0d	2501e49c-27da-42b0-9b15-280f48ce5540
649fc3ce-d126-416d-b876-8e2cc6e58636	2501e49c-27da-42b0-9b15-280f48ce5540
e2f3245a-ec38-4d1e-a3c9-bb7fb6dc8e0d	276fb86b-dcb0-4fc4-a61e-a7f9368e2e0b
b5877ec9-0b3b-4b40-846a-5bb6437e75cd	2912c812-43e5-445a-a078-d722f617528e
180ec9b6-7f56-4bc2-badc-b272dc77f536	29c4061c-ef26-432a-ba96-bc6c78222c2b
5ba07cb5-801e-41e8-aaa1-5b21ca01b172	2c3b7163-2ff7-4302-873b-9e27f630a0cd
e6466246-b9c3-4206-9609-263fb76fa9b7	2e9b99d0-2389-41bd-be3f-8153595a3801
2711fe96-0463-45b8-a35c-1152eb4c0684	303bd52b-020f-4744-87c5-8da38fffd738
a4c7856a-ac31-4b61-9e46-5be586bda386	303bd52b-020f-4744-87c5-8da38fffd738
4702c2e3-a484-4363-a78c-c1c9de19c4d8	30ae543e-58ef-44d9-9a5d-0023d1ee6096
6f1f8b5d-a6ba-436f-a7bf-b6812d0f3a20	32213dbc-2ec1-4579-a9c8-21afa2793bb6
2fcb840d-444b-415f-b677-d058e905b0b6	33b57497-6b41-4315-8908-3865c86f4008
ca60f28f-d811-4aae-9e41-13b2bba2757a	34c26b6d-3b71-4ac7-98a3-5396221d9a5b
d950f0db-1ece-4cc6-afd9-9c22eeba88a5	34c26b6d-3b71-4ac7-98a3-5396221d9a5b
5522b6ee-66d5-4d2d-9109-ae8e6b7e3a26	3624554e-b240-4edb-9110-1f010642c3f3
d0ecc6fb-cc31-461c-8aa6-7a1a2b906c8c	60be01b0-99fb-459c-8a08-b934270f8c4b
aef395a5-6a8d-4ab4-9409-b893d9645f08	60be01b0-99fb-459c-8a08-b934270f8c4b
7aca78f8-0944-4388-90ef-b639623ac0ee	60be01b0-99fb-459c-8a08-b934270f8c4b
99d66799-cce3-47f6-a7c2-9273321d7d0f	3ac5a895-b8ab-4480-b7eb-0fbb452ea76f
40ece429-a66a-4e20-9ba5-d6c514b7908e	c17fab24-f71a-4c3e-bb87-6b753a944e6b
25d46155-c6c3-4923-9660-065f2cb0c823	3c2c587d-31a1-4fbc-a635-62d3bee0bbe7
f73829b4-cf3f-41f1-a12c-e9f8a8e2e514	3c542216-9840-45ec-803d-7df977302099
68136103-adfe-44ac-9cdb-bf2f8bbb26cb	3d7c453e-1a2e-4a92-8676-995331ca685d
57b1d3fe-6b31-41ca-918d-f4df936626a9	3de46aa8-120c-454f-b022-464a236f45ed
fc53fb51-ef14-4456-a1a4-ab8858b53046	3de46aa8-120c-454f-b022-464a236f45ed
98126a8c-2cd8-4ba5-861b-9dd0f68cfd17	3de5d4fe-3e6e-4fdb-a21b-f667b42b7300
87e59fd6-9270-4591-b7cf-6ce15205fdd7	3f35ccf5-a104-4edf-b1ca-4e0bd423615b
30e98b1d-ecb2-4fa6-b560-5b4b92cabee0	4153f918-5bf3-40f0-8bc5-3385afb6a41e
e6aa2e58-f96d-4b1b-8398-e973b945fbbc	415dd499-8385-4c23-bd18-8ac49803cf9e
fa2b9111-f131-4de0-ae63-6826959d7f44	41baaf05-af37-4df5-8d0b-e284fa2a54fd
65cf8dad-e999-4be4-b9bb-4feb06cdca0e	4225a2b9-680a-43b7-90fb-0d631fc6c074
b6e19530-8120-40fc-baeb-a545b32556ae	42de3f98-ba1c-4572-a227-2e18d45239a5
73532d21-b3f2-4ab4-8476-e0bf9bb1c492	430e4e39-7dce-4fb4-8cbb-de63644beb6c
53e9aad0-68e1-4d35-bfa7-5ef590738fbb	4458eb12-8572-45d1-bf07-d5a3ee097021
bad0bbda-1772-4547-85f5-851cbb122644	44d122f1-fc5a-414e-9eff-d1ffb4b98888
2d0cef39-d2cd-423c-973c-16a049aa71af	48f596dc-561e-473b-a4b2-c40f44800cbd
8899978a-cf53-4a05-8339-31a55248270b	4a24953a-b84b-45b9-8dd3-37b9b91b5483
d556ab99-3064-4148-9c9f-3e3fb1e0c0f1	4b000ded-5f4d-4dbd-83c9-03f2dfcd36db
7c16a991-cd4f-4421-8789-0f8763bc1176	4b000ded-5f4d-4dbd-83c9-03f2dfcd36db
dadb9cc1-40fc-4c43-89b2-2e1423223523	4b000ded-5f4d-4dbd-83c9-03f2dfcd36db
db708ea6-b90e-4718-aff3-8260c7fd2822	4c4ad239-3451-494c-aab5-e2e4940bb042
7c334205-2a0c-4d24-8454-244c2990dc30	4c9190e9-205b-4ff8-83dd-ee08cd63a04c
a42bc761-ea4a-4dff-b309-6c07226b635a	4f3caa64-9a3a-41f9-9bc2-c2d352ffe2b1
072ecc51-03ec-4e84-b4fd-40273ddf96d2	509653ba-750f-470d-83eb-63ec1e703c57
5389a5fc-9c5b-46fa-8307-99577973aec2	5246935a-a6e9-4ce4-9fdf-dedd8b2b2168
a1485b2a-5675-4d27-840f-ed1b11e74b9a	e7780d53-ad80-45bd-a271-79615ee97a37
5b75afce-c59c-437e-a7bc-91800a2f32ae	588b4128-e349-4532-a389-355ace963c1d
b2ed67ad-c323-4809-85b1-37caa2f158e9	5903f1d7-2240-4591-b970-33b32fe3be54
fbdd9be5-a8da-4514-bbca-15107d617fdc	5a8f3a76-0a61-4b24-a549-f109c34e4987
2eece433-5ff0-4f4d-8458-5cd4b58819ba	5abe1f7f-ccca-4119-887d-13b9d40b3c16
a17a88eb-7c82-4f2d-9942-dc31e1bceb10	5b6c0fc7-4e37-4da6-b889-0cfe4ef04753
bad65c8b-c733-4bd8-ae88-ed8e17c9cd47	5be16fea-5b1a-4daf-a9e9-9dc1f6ea6d4e
8b566f8b-d792-4ae5-a2e4-f1cea0471a0c	5c39cb8f-bc13-411e-b212-42d856ddbac0
dbf85e50-85ed-46cd-8047-ed78cc2e7c01	5c810cd5-7969-4075-a9bb-78f1912babc6
a1f3ee1f-a898-4cb8-8162-f2dfb2f3b99c	5e156d22-7f84-4cd2-9724-c1a519a83e0a
c1f3ca2c-7008-4977-b2f8-7f7b2fd269cd	605f36d1-ca43-4335-8453-36fc65eef794
cb87d038-bbee-4d28-99ac-aa3d9299f60e	60eaf89a-2e0c-44b9-b718-a4a777e69c7c
8dfc5242-232f-40e6-8960-953a57c032a9	60eaf89a-2e0c-44b9-b718-a4a777e69c7c
5d0bff2b-eb03-4c53-b690-7c7565c18480	62494370-3799-4165-838e-0ebaf42804c2
38672c9c-a526-404b-a455-c6bb12d293c2	62494370-3799-4165-838e-0ebaf42804c2
0185946e-deed-4866-a862-7ca2402b8660	62494370-3799-4165-838e-0ebaf42804c2
3a2e0114-b5ab-4c52-85ba-3c589a4b5970	62494370-3799-4165-838e-0ebaf42804c2
fd58b5a4-e796-4635-be6c-22c5bf122c63	62494370-3799-4165-838e-0ebaf42804c2
429c7cdd-1cea-4c40-a8eb-615eb0045a2f	62494370-3799-4165-838e-0ebaf42804c2
6d20ebb3-2778-482b-be50-7bf771cbb8dd	6304323e-01a4-4f08-b930-8aa1bda1a0d2
b0a8f63f-e3a3-4599-abd8-19120edd98b1	5d269c36-6ccf-4620-838d-431f86c30f69
d0e35d92-3669-4bc2-b5d6-58b456fbf847	63e29bc8-c341-44a4-bc0e-1d3dc1714c13
99a752c1-1cf9-4561-ac69-ac00d7331fd0	894f43a8-ce8e-43a5-a4c7-fa80faa43d63
611b5dd5-8a0d-44be-8f89-35ce2b8c8280	894f43a8-ce8e-43a5-a4c7-fa80faa43d63
82fb5071-747f-4e82-bb20-c28f76dff95f	894f43a8-ce8e-43a5-a4c7-fa80faa43d63
1ce20b35-0c4b-47c4-9ced-50d1f068d44e	69c1ccff-ca25-46bf-b012-e86dc58ebbd5
30df97ab-c9f1-472a-a16e-9c6d4c87305c	6a7bb976-6a39-493b-b38f-7f4d8120dd5d
2b73a5e4-e704-4815-91d5-6933d0d06537	6aa05828-34fe-49d8-9c7e-40081bc14758
cd918cb0-7a66-48a1-b967-1f202932a459	6ca05d54-e03d-4e93-ad2b-859e8e929287
812b9eff-1fe3-4685-9bea-75ee61664134	6cc753bb-ba51-4959-bfe4-e0a270252ac2
01302512-cd51-4a00-a687-080ddd4c8872	6e05863a-061a-418e-9f2f-3e0eaec3f0df
9e8c0bd3-731e-4580-bf39-24f7827320d7	6f338fdd-af74-4e59-b1cd-1460cb3b274c
65154167-baa0-4044-a878-589c4e405469	714e30c6-a8df-41f5-bb67-cfc09a0a4347
cbb309b7-1df1-4638-b821-48db53053d38	71b81fe0-23fc-4154-8601-ba987381594c
de00fb8e-630f-4e57-8365-98227c033f01	75534196-8c04-40d8-b0a6-b48dca00ed7a
0699ced2-960f-4f06-8792-62f6c34b4e39	76f53ba4-b1d9-4385-8bab-f56aa707d961
8abc876c-d689-4e3d-ac9e-dd9ac6dd51cd	7a213f00-5be7-4f11-a859-3b9058dae2e6
70bc182f-0e3d-42f4-8313-f6fc45416ffc	7d3465f8-5959-4531-aaf2-c9a8a03183b3
ff25ff96-ecfe-4396-81d3-ca73e71993ab	7d55bced-cc86-4400-aa8b-4caafa0a22bf
b2e42fee-f73c-4557-9fa7-d174a2b135dc	7e097d4e-ea62-4a3d-80d4-35aed21f9c4a
465be3de-d8ba-43f8-a66e-46bc94f0f911	bf5877eb-399a-4237-b510-b1d41049e3bc
a758471f-ea8d-4210-9edc-70b91e7b7f97	bf5877eb-399a-4237-b510-b1d41049e3bc
42e903a8-9ba0-4eca-a6c6-5d3b6a4570b8	bf5877eb-399a-4237-b510-b1d41049e3bc
f30d172f-ccf5-460e-9bcf-0fe4ce4d470a	bf5877eb-399a-4237-b510-b1d41049e3bc
f67a6fd4-4cab-4858-b26d-183a684e71e7	7f684e43-2cdb-408d-a4c2-5a86da42be05
af35bf20-bbcc-423f-8ffa-d6a0fa75d5bb	8250690e-4817-4fad-b097-db22ffb8a34d
e9f50c72-c3f8-4c9b-8e02-ea8a3e123922	833f35f2-e6a8-41a4-affa-628f2bb28ea0
a6602cbe-8fa4-459a-84a8-14306c4816ce	836f543d-88d4-4e39-b0a3-9ee71633726f
2b7d5bca-bdcc-4d75-9901-155eebf9bb8c	84d8bc6c-7d1d-4b36-8637-fda03082aaed
69f5a823-d89f-4486-981e-c8ea06e4c424	872c46d7-9753-441e-a541-7514cae00e03
255cf15f-39c1-46d2-ba82-59540133e4d1	8ab2606d-1b1c-4b71-ab29-c6e0a687e9fd
b508a5f8-28f2-41c6-b0f7-eac918083062	8d84f6c6-8e7d-410e-a408-cbfb2555b35d
2f68d3ad-7282-4759-a21e-e8a557fee3c0	8ebb2199-a40f-4d23-a21e-44db166e59cd
6be490f0-15bb-4ddd-9aa7-1ae97cec4feb	8ed34061-7996-41fd-8a8e-3f9458fa6cf5
6a65df39-a1ea-4c5a-9280-ed41112bdcce	55571447-5995-4577-b0fc-d9b0f29510b7
ab805575-42b7-416e-9e19-b68263c57eed	55571447-5995-4577-b0fc-d9b0f29510b7
4de30682-f19e-4d78-a568-5139ce38b376	90ff981d-200e-4010-be0e-b7b00768fa50
4f43ac80-685c-470a-b164-2e1e4c446bbd	90ff981d-200e-4010-be0e-b7b00768fa50
8f05e385-7fd1-4e70-aad2-8db43758d8ab	6a276d13-a079-4ba4-9c1f-54936b458b33
b9383787-e64d-47ec-90f2-9aee77f1db39	93ee443e-cb39-424a-9aa4-1d16af813418
5ad0f09b-fab8-4179-8cb4-cebe3c26da7e	96de2bbb-1f9e-4303-abc8-4e29cc381f3d
729b58ca-5902-4d93-8f4f-012d666d464d	96de2bbb-1f9e-4303-abc8-4e29cc381f3d
3fe1e76c-e017-44c2-9d3a-c95558e48d59	981bcddf-1f9d-4a1b-8b9a-0f95a1942bc9
6983cbb7-ddba-4ec8-ba53-bfeb6f4981a6	9a74e4c4-33b5-46d8-90d0-ea0615b1620f
39c5649f-aaf7-4d32-9493-26441d8f80f0	9c450642-f976-40eb-96b4-0c904d519578
f195671a-523d-403c-bb58-eaff320aa532	9d03913c-050c-4080-b396-36724e557f94
6e8541a9-caf3-49aa-9137-6388581a0132	9e57eb35-b6bb-4361-a77f-1888a54ecd5c
4e0581ad-29a7-411f-8f41-e08676169fe4	9e6bb0c2-646e-4a52-90ec-822cc06764a9
7b7e7fcd-879c-4b2c-a24d-19c12fac7619	9e9a5c50-b825-4f12-838f-1650943c2be1
ed0989cb-2cf1-478f-adab-c1f2bac7b933	9fbec20c-d97c-4c01-9d1a-15a139d97e5a
1ced6a1d-e138-4860-b7bd-7f317a432256	9ffd4d67-bf2f-4afb-96e8-588ec0f275c0
ec4171e7-064b-48b6-bb5d-63d53f6cb586	a07f1bed-ca16-4fbf-b14b-d3a0344cab74
667ae321-649e-4caa-b761-35e370c776b0	a119aac3-81c7-4f8f-adb6-cca5449e9b6d
506d6eaa-b03a-42de-acd3-184d764398f4	a1e408ef-d8b9-406a-a5f5-6ee5d2368142
f091b370-47ff-4832-ab2e-6f23ca16d81f	a25ef601-463b-40e5-85ab-5abce6708908
77a7d10b-4ec8-4411-b324-99df1473a54a	a3cae796-8dba-43b7-acb6-3a59acf29ccc
9598fc8a-3c54-440a-89e9-0d7331994a02	a5505ccf-70b3-4f26-a1d2-0c4d62f3839f
5c8ec7a7-ce63-4841-b011-b0188fe0fc84	a5e50799-fbd1-4aca-b3fa-22a6f6fa7aad
de9a32c5-51f0-496b-955a-2e9bea203d2f	a5e50799-fbd1-4aca-b3fa-22a6f6fa7aad
f2cc2661-6f4d-4627-92b8-83985d7a3d00	a65ed98a-6370-4791-bc29-602f1185e349
b73d07ce-1090-4799-b58d-640ed978e0f9	a6876287-7afb-4f8c-9788-65d2528e8a23
cae073e6-f303-423c-b2bd-20ac3b8ace45	a9514e98-882c-4a6b-bb78-e91a7f83d073
efe2fcae-a9c3-4ec6-8004-4029e48cf2a8	a972a30d-f766-4d68-a85d-392538b4ccf9
f3ee5110-083d-4a94-8b5d-af087d2b18aa	a9e33aad-eece-4453-8279-31c4b4e0583f
27f76272-496f-43f8-b4cb-8545ccfca6d1	ab806854-3c33-4008-a38d-a2bc71a8fc2c
e06ab188-412e-44a2-923b-e7b6c43ca44a	ac7b110d-97e1-48a2-ab96-cd1aa3e8b978
73db724d-87b9-41cd-912a-b66eb65eebdd	ad790c87-fe9e-4405-891d-de7c2ddfda79
ce7028c7-7fc0-483e-bd52-756c74e08f35	ae52c0c9-060f-4fac-9e2d-9eefe6afec08
198f9523-4abd-48c8-b2b5-9d2186a7f82a	afc90657-7d7b-42dc-a31e-a0f7a8ce8d80
d159622b-7928-4689-886e-5c73f90041de	b0fb9eb9-0b72-49bc-b0c8-9a27947e1fc4
d00508d5-365a-4689-8b3d-026d86b4a974	b3059ff9-0054-4343-a7ac-d7a821d222cd
fb612579-299a-43b6-a685-47ced5514a79	b3d076cc-b150-4ccb-a93e-eca05d9ac2bf
a1007109-4462-43ac-8412-e1acc6c84174	b53ef8c5-8554-4a4a-a100-fdf5a022cb4e
8cee7211-d495-4217-8f9a-f6f903c3cef1	b56b710d-f3a8-45b5-85b0-4a27cf5559f0
59d07525-b7ab-4cea-96b8-2abb839a4f12	b7bf012f-4b8b-4478-b5c9-6af3075ca1e4
7a46cc6f-a54d-4385-be60-46a18c437a3b	b7bf012f-4b8b-4478-b5c9-6af3075ca1e4
3b252b4b-0dc4-49eb-8ddb-03a9bdf60746	bb80312e-b514-48ad-9252-336408603591
b43325a0-b9f1-4eda-b457-f1cadf9fadd2	bbadb233-84ea-4ae1-893f-deba67f1d5de
855a05d1-4af2-4f74-8982-6b74153bc327	bbfcf170-5c47-40b0-880d-b04648eba354
b8e135d2-b64f-4ea3-93e9-9f8d1245fb2a	bc60a695-ab95-4264-8058-bd61d13c4918
1d4c6852-e7ca-43d0-ba47-7b9fc7d9656c	bd3c2ea6-085c-4722-9444-31bc3244ddb0
bd559740-6328-411c-8610-2ab6ccadf92c	bd47397c-b714-4ced-9fe9-d20b0b353e3f
00b3e785-5ba3-4be2-a806-1cc87bc382e6	bf27ddaa-1117-49f7-b763-7a166a0b27ce
db89786d-0862-44f7-8a21-9d21cd52ab15	bf657e60-de9c-4b7e-8736-d573d38e3ce1
b747da47-247c-4da8-8337-b4e05b46a0b0	c188cfb1-9156-41f1-a163-b05354ca9138
e5d77e36-8f1c-4054-a11d-66925ec8632c	c2d68582-09a8-4751-a6a1-431961599025
3c08012b-415d-41ec-a969-dd35c851ef79	c3613373-cc3f-4b28-a7b1-81c4ce98665e
398051aa-fe8b-4ac7-93bb-3f3d206c02f7	c48f0582-164f-4faa-97a2-7ad2e3111d3d
a8fdad3c-2111-46b8-878d-09bd659653a1	c507e111-33cf-48d2-bbaa-ab00fac98f73
1e1a66fb-e437-4f2a-a7d2-18252f481278	c53af417-294d-47e8-9ca0-bd6d0c4ac80c
f1db1c91-2aa5-4840-b9fa-9930c1c04e48	c7ad5f60-83ec-4e9b-a58e-761823b10770
b4dddbf1-4193-4a67-ad67-f0b1b351be45	c98806b9-2db0-4a94-90f1-71ef61d71656
e15cdfe9-ed6e-40a7-8dd1-e9516c7c24a6	c9c9cb2f-9655-4f40-8736-9b407ee43514
1c825957-f34f-4f49-8c19-20c952722ba9	cbd0d0f8-edf9-47bc-93ef-71c1a5e5fed7
c29b190b-6801-49ed-a101-6770525467c4	ccdaede2-5343-49d6-8ea9-769528c3ab92
7823d7dd-725b-43cc-b5ac-09d9f7e5e3d3	cd61ff9a-a32e-4f94-b23a-4d9112bd532b
a1970634-2d18-48dc-9b4f-c2d61195f083	cdb17f19-b705-4fde-bf06-803033e2b3c0
74782993-f22d-438a-90ab-1048c49ddc1e	d0283c7b-b40f-40cd-aae6-21886defe9d8
4d84ab8f-2625-4283-8474-617770604f93	d02df2f6-d80c-4274-bb6f-f062061655c4
9eeecd87-8ac2-4b7f-85e1-34fa16b0f882	d16c518b-70c5-4381-911a-a1784ed402bf
65a8e4f0-97b3-4430-9407-475b83552675	d1ac066b-077c-4669-b7bb-aa3c1fdae553
d7b3e3b4-8568-4689-8e77-49417f5d65bd	d1fd9ac1-b99f-4f5f-b9d8-d3f1f818321a
f94924fb-66ee-41d9-a27f-ac7f747d4de9	d239c23c-e88a-4569-a9cf-56ad019118f9
60db75dc-0f4e-4c5a-b098-09cdf0f04a0d	d267728c-1d03-4cb3-aea8-85df33973ec8
d88520ba-90f5-4837-ac7f-9b628a991565	bea122ce-1e4b-465d-8b7b-fa11aadd20f7
18bfad69-efcf-4ee7-ae02-1ce3cece7ec7	bea122ce-1e4b-465d-8b7b-fa11aadd20f7
be670aa4-50f1-48aa-90ba-8933ec3a132d	bea122ce-1e4b-465d-8b7b-fa11aadd20f7
888e1e21-98df-447e-9507-20748700ffce	bea122ce-1e4b-465d-8b7b-fa11aadd20f7
f9326278-2433-4066-8382-78a451021db9	bea122ce-1e4b-465d-8b7b-fa11aadd20f7
a26606ad-3b16-4a4d-be7f-f2640a5c81e2	bea122ce-1e4b-465d-8b7b-fa11aadd20f7
91e82f24-8a6a-4fce-860e-1fb7b0c994c0	d6472fd7-9fb1-4af4-8267-a6bc2220e76a
f98f8874-3d5d-4818-a75c-29a8d1b57cb3	52c55378-0484-48c3-92fc-3ee94d21c716
60c2f13b-9522-4255-98e2-f373f9b4a1f2	d8a45b34-4cc0-42f4-957d-e13b37e9182e
83b9c999-22f3-4413-9793-5eb806630117	d9785282-2140-463f-a82d-f7296687055a
58e85d31-a59f-416a-bd83-16a2c6e68c33	d9785282-2140-463f-a82d-f7296687055a
e35cdf8e-0601-477c-9a0d-8d4874d296a7	d9785282-2140-463f-a82d-f7296687055a
29813df1-6e8d-4796-8dec-f7596cf87171	dc693033-e4e7-4292-bd4a-75110a781237
97894005-26f9-4695-bcac-bb80eb28137a	dd05ea9c-06e6-4efa-9d2e-ac7f15e78af0
b084f0c7-6234-4c90-b9d9-003719b3b627	de452a4c-a55c-464d-9037-8c3e9fe48365
dabcca67-037c-4d11-afc4-69559edec4dc	de452a4c-a55c-464d-9037-8c3e9fe48365
992737f2-3987-4c1b-9e0b-d608a882d98c	de717628-329c-42bf-83cd-3825dc730c90
453e9404-5dd4-46a9-addc-fc2d01c6ac33	e1cc6cd9-3239-40c1-8841-ceb3335aa101
6f5a5947-a70f-402e-808b-948c004593fc	e44679f9-b64b-4f25-a017-1cb0c99bd95d
d650386f-bd4e-4c0a-9dbb-78d9aacc1137	e4ba068a-12f3-44ce-ba71-1ed578aa94ed
a992e955-7e99-438d-92dd-b9c84ddc7977	e4ead146-c9d5-4a2a-b9ce-cef1108b8bff
72071f81-f869-4a72-bfe7-c549d12b0974	e5bfea74-2e66-4734-a7ef-bf1ba9d1a33e
be8c2fa5-8aa4-46b2-b4d3-de139c28e99e	e63bb157-4b98-4ecb-81d6-c1b15e79895a
5b19ee01-1de5-4f65-ad5d-b7d58e487cc5	e663eb09-04de-4f39-b871-35c6c2ed10b5
e13f6610-ee60-42b8-900f-1c814fb937fc	e663eb09-04de-4f39-b871-35c6c2ed10b5
87e294b1-80fe-4ddc-baac-d2e2e28d9894	e844accd-9e65-414b-84e7-efc5bd65aa17
17b9bf19-e116-4a22-b71a-fe67ce7fd552	e8f5b4e8-454e-488d-8b4a-b60ad02bce36
34fa9c9e-5748-4fdb-865e-92d581bc58d3	ea67f436-473c-4977-bdf2-8aa0dabbaa6f
2ea2e386-e627-4e3e-83e8-150e070b0c73	d81c1054-1a51-4d71-8786-50c2c14ee801
a120994a-594f-47cb-9db3-32795d85ad52	ec730070-b187-4221-a4e5-af6de7c854b7
c1257a98-5ff8-4756-88bf-da4bf12434c3	ede84747-0116-45c2-accb-1dfe141c00ff
17f877b8-8273-4db0-9a5b-7c581cc1795f	ee2c5877-f212-4eb4-a63a-a82ba7e4e168
75634ab5-6880-4559-bf94-65c5ab92e7fa	eee0b1de-8c10-4e44-a01c-4eeaee989aaf
b1369e1b-a968-41b0-a334-98de8d089a3f	ef4b94fe-3804-43c6-9f91-65a83356a68d
3ff24d05-7a38-49d3-a14a-cec86a29578d	d4ca3cc4-c162-469c-b341-b52284a73eaa
52a0250f-ae97-462d-b8fb-995e3d8fc084	f84b559f-1eb1-43f2-871f-93fea669bf93
1002c7f6-78f7-4fde-a8c3-ba8f8abf2b7f	f84b559f-1eb1-43f2-871f-93fea669bf93
649e57a8-d346-48c1-bb6f-9ab87dab05e6	f9d66bcc-4e1b-4c13-9df6-ebaaa5068222
f4caf6af-bfb6-45b6-869d-bb4c6a25c80f	fa83e8c5-e83f-4488-bd93-7c8d0ba205c1
0ac0c8a0-44d0-4512-ac34-a240a90cc8e5	fa83e8c5-e83f-4488-bd93-7c8d0ba205c1
f2fa35e3-ca99-4d38-b9ad-b099c900ae38	fe4531e9-b5ea-4861-9309-3393a37f4acd
4f861439-270c-4903-a0d5-5fe3239da039	fe4531e9-b5ea-4861-9309-3393a37f4acd
3fb61419-806b-4a1f-9d13-d9081109fc1f	ff92eedc-f02e-48c7-9173-97eaa7fd70aa
ceb1a839-cf20-45fc-94e8-67ac9c7c162b	ff92eedc-f02e-48c7-9173-97eaa7fd70aa
1e0931ef-39d3-4d30-ac56-923bf065ab45	ffe316c8-c059-4ed6-a5c9-bc640afe4d0e
4354c064-146b-4c3c-8a36-57dec13aa054	ffe316c8-c059-4ed6-a5c9-bc640afe4d0e
34d5208b-5c70-42bc-9473-bc56eb575d77	0be2ce12-79b3-434b-b557-d6ea92d787fe
6e204497-9291-41bb-bfe1-4b39e155a8a9	33bed1fb-9261-41bf-8b50-127a4d0c80c5
ad704eea-4ef5-455c-b7ae-ad5bab572e0c	35ce2b98-adbb-4873-b334-d7b1cc542de7
4c933a71-06aa-473d-9b93-9a5b5fbd554b	e0b94aef-4a3c-4fe3-8a58-7b713a4234a2
70fdf0b1-2529-4b1e-bce9-814417cdfcb8	c8d3a605-3d50-46cf-a707-2aacbf6f7cb0
2dd860af-21be-47c6-8e1d-0b8eb63bfa46	36803484-c413-49a9-abe2-2286ee99b624
2540ad72-2069-4801-8325-d5732c956c4f	f94db446-be63-4fb9-a6ea-7cc918a0d338
716b903f-d88f-48b3-975a-613bc69243df	46332f9b-30d6-4366-be24-582813256972
723ebcaa-77ea-42f3-8cb2-80485229ff19	4338471d-881a-475f-8bd9-60c4d48b8e12
6b451743-d467-4ed3-86b4-1163ec7e3a0f	050f4146-566c-4a6d-9aaa-b49ab66a3090
0b53f290-6f77-4d91-8e09-a0c090555fe5	6d3163f5-4e08-4830-84f1-2c5d76570a82
97e05d06-deb9-4625-a307-5bb752eec72b	51159bdb-4904-4101-a88e-ca7bd4f67cb0
4e902543-6825-4fb8-9300-1a5816505d25	2034a766-6e8a-416d-b8ab-9b7b3e3abb15
e94efe26-7801-409f-9d24-90c2a652cf83	2e31a1f3-576b-46b4-84f0-3f0cc399f887
82e75226-a316-4462-9d56-f89f596d0d7d	c9eadefd-4a06-4f3b-a2eb-3e3f45624c24
2db606de-49d9-49d4-a6ef-6f45b6d0cf04	d7c3d954-ac86-4d1a-bb6a-c8c432a94e26
b51c7412-cb4d-4dab-8eeb-8cc31c131195	b18320f6-2d8b-4776-8f60-55bce10f7957
021cc649-1ff3-4023-b31d-661c1cf7c011	a7712f7e-5538-4c77-a71e-8764f89911d8
2aed477d-ca74-4271-b126-2dcb5641e0bb	2c092793-aa3a-4520-959c-ad48165dcae4
a72fc4f9-5bb5-439a-95e8-530cfa7828e7	33a41780-fd0c-4989-90b8-2c76a127224c
083fc14d-99c2-40ec-b6ef-efa5d57a0832	80c31f61-6e12-47a0-865d-f33a48bfdebb
d8c8ce54-b1a8-43b4-92fd-c2c404a93017	6b670396-c52c-430c-b5bb-20693da03b60
07b6e469-d1c4-4ab8-a8a7-cf37f344ae4c	fa6443ff-eb95-4d0f-84d2-f0c91682efdf
562795be-8713-4cc9-acf6-5925f0cbff08	8671f536-1979-4b6f-a147-70152fcb44ed
203cc244-2ff0-4afa-8de9-ee11698112db	f8d3e79c-c3d0-4f9a-9b68-9c5ad1f025e4
056002f8-0da6-4932-87d9-64939eaaa688	d38d0d5c-31b1-47f4-9d2e-d8fba4c7d083
95557b73-07c5-48a6-841b-58f9d782b58e	c18a38cd-94ff-48cd-818f-6ffb05992abb
6227a88c-5be8-4844-99d0-9883e0dd8f5d	fd49c7ad-db12-4c1e-b74d-adef17160f50
f276b3c3-8f37-405b-bdfc-f7fed1f7714b	91ff1359-6680-49bc-8002-20256e999993
49f348b0-22a6-4082-b2fa-0e6afef7e6a2	a5602710-acd0-4a6d-bee2-6ed634e00d13
62d642a1-7a4c-4680-81c1-de2a23710b98	4fcdfd32-a02b-4068-8062-a0fee100aa75
3af5af8d-045c-4e09-8374-e2fc718d2075	1d6c6bcc-7787-4b9c-84bb-25a185c124dc
a638875b-b86b-4975-aece-27735a055d01	3c12072d-611b-413f-b314-4df0834523ab
c2bc2452-8ac9-475c-b72c-4c604b4d5c54	62c988a7-1e4d-418e-87bf-a743e24209e8
ed38b641-b462-44b9-832c-1f9747922e25	c0c71e67-0088-4d69-b375-85297f79ee75
e6ddf90a-c822-46bf-8e02-de86d7bdf5d0	c0c71e67-0088-4d69-b375-85297f79ee75
bee905be-cb07-411c-b646-df7cb0a247da	c0c71e67-0088-4d69-b375-85297f79ee75
156cfedb-f989-4ad2-be6d-5c48db262a36	c0c71e67-0088-4d69-b375-85297f79ee75
d799f842-95bc-48ef-b17e-9c2550b6f1c2	c0c71e67-0088-4d69-b375-85297f79ee75
dbdb0d8e-7352-4bc7-857c-f727b56462aa	c0c71e67-0088-4d69-b375-85297f79ee75
845fc586-c130-4da8-89da-3978816c14c2	c0c71e67-0088-4d69-b375-85297f79ee75
5543496a-84e0-4936-b974-d7504717b84d	c0c71e67-0088-4d69-b375-85297f79ee75
eb0574c3-50a8-4cd3-ba8d-4d13eb7b12ad	c0c71e67-0088-4d69-b375-85297f79ee75
d57be513-7510-4c97-bc0c-88b3a6407edb	c0c71e67-0088-4d69-b375-85297f79ee75
7efa78e0-47f4-4468-8a00-dfad38812e9b	5e69cfac-1f68-4864-a19a-3c1bdb180100
e0b7dd72-4657-4852-86fe-9d7a44a34c66	5e69cfac-1f68-4864-a19a-3c1bdb180100
473fc70a-81cd-47c4-8cc4-938a57ffa3d2	c02da519-12f3-4c6a-86e7-648afac80b23
1d065607-2b13-40cf-973a-6f55b4de573b	3d2ce960-abda-4c9c-bd29-1929e9ca24c9
2bb367e3-adba-4ca1-ba96-eb58014deaec	03bfb30e-829f-4299-bab9-b2be1b66b5d4
60b5e4cc-9564-47fb-9132-7701f5ace504	03bfb30e-829f-4299-bab9-b2be1b66b5d4
c96167b8-d958-40ea-a279-59e964ad5530	8bc79a36-d77e-4ee3-b9bc-c77146cfc503
5b881fa3-dbec-4cd0-96ac-9b4d50ba8b97	8bc79a36-d77e-4ee3-b9bc-c77146cfc503
ce22f648-c965-4458-a801-2c58a4f69fac	8bc79a36-d77e-4ee3-b9bc-c77146cfc503
02fa6872-571d-4653-a54f-dd8f7ff1dfb8	8bc79a36-d77e-4ee3-b9bc-c77146cfc503
dbf651e6-762e-40fa-9aa0-91ad1cd5266d	8bc79a36-d77e-4ee3-b9bc-c77146cfc503
c43b7d21-1e0a-4257-8618-b5a356e06530	e8f53f73-d77c-485a-a2a6-1c47ea4aead9
009abef5-602c-4e64-9667-af3fa6c807a0	e7582657-9c16-4eb1-89e8-0211d94015c6
29e41dbc-468a-411c-97be-69341f3da491	2cc29514-b97a-4103-92b1-c8c8e9268cd8
eb43393c-32be-4ffa-8152-915a0dc4357b	37d04efc-0ab2-4499-a891-54dca1013c74
359d5942-86e2-4f75-baf0-fc938d861510	37d04efc-0ab2-4499-a891-54dca1013c74
e01c4ff1-94a8-466c-a494-85dfc6a54b36	37d04efc-0ab2-4499-a891-54dca1013c74
3b38bbec-925d-49a0-8a13-95af8a9d7973	1b97e47e-ca18-4e50-9aae-a2853acca3f0
b60ed2aa-3906-4d48-ae86-6ed1c8356452	1b97e47e-ca18-4e50-9aae-a2853acca3f0
14bfb1ca-a672-4bec-8060-b8e51a5f21bc	1b97e47e-ca18-4e50-9aae-a2853acca3f0
4fa6a358-ee4f-445d-9ba6-b9cba5acc876	99075509-df36-461e-abb0-659cee555bd0
53230ed3-f4e2-473c-bf99-98501609c586	f7010354-5e2f-47f9-a010-bc5998adeb21
3d67aa98-a16c-47aa-a247-a53cbca35d57	05b7c688-09ba-4f33-90ea-185a1039df43
50ef9f99-ddca-46b9-bb69-690f0b2ced88	6f19982e-8c27-45ae-936d-2c9d5b2bd6a6
f17a1eef-0f3a-4021-8442-db303ce369fd	e94f0e2d-2b5f-41ed-967f-d97e54dd81ea
77ba0a3b-3940-4525-90ad-f1c729bc8673	63a7a997-695d-4629-b6e9-9b169f5c69bf
85d2e643-bc7c-40ec-b8df-4f60110818a2	23dec728-53a8-469a-91d4-8f706a12a51d
f7756ebc-cf46-45bc-9880-b5b1ebe668de	23dec728-53a8-469a-91d4-8f706a12a51d
00aaf838-48d5-4771-a9fb-1a17c2daa6d8	23dec728-53a8-469a-91d4-8f706a12a51d
faf97b32-46e9-4c53-9e50-18aa71badb38	23dec728-53a8-469a-91d4-8f706a12a51d
1becbc25-f035-434c-8d47-e29d165b91ef	23dec728-53a8-469a-91d4-8f706a12a51d
7bc341e7-eda6-454c-894b-1885604ba483	23dec728-53a8-469a-91d4-8f706a12a51d
7babbca2-db2e-4af3-a373-b18d5b2cc914	23dec728-53a8-469a-91d4-8f706a12a51d
8c11a365-f328-4a59-8b23-3014e183e777	23dec728-53a8-469a-91d4-8f706a12a51d
1c65d4f0-eb67-446b-b3f8-95d4f64b59e1	23dec728-53a8-469a-91d4-8f706a12a51d
c8a5e67c-2132-4e89-a587-6e37db1a595e	23dec728-53a8-469a-91d4-8f706a12a51d
9725bc4f-14aa-45bd-8213-07a3c8ea2ff0	23dec728-53a8-469a-91d4-8f706a12a51d
5a4618c5-b487-4226-bbc9-3e5d9a8f14dc	d3a6b89f-cf5c-40cf-b2b3-ac1c8315c648
400f7836-3d79-4f5d-8105-b5175676ebdd	d3a6b89f-cf5c-40cf-b2b3-ac1c8315c648
b10df2e6-2303-4b37-9e6d-39ffdc0aa650	d3a6b89f-cf5c-40cf-b2b3-ac1c8315c648
c4387391-f962-412e-9188-78cbf2f6a39a	d3a6b89f-cf5c-40cf-b2b3-ac1c8315c648
ccfa51c1-ae93-40f4-b8f2-66bcd3ddf29c	d3a6b89f-cf5c-40cf-b2b3-ac1c8315c648
8bc6faa6-ff39-4d51-ab41-6b9fb2d0e748	d3a6b89f-cf5c-40cf-b2b3-ac1c8315c648
6f542ad0-dc1d-4d29-9e59-8b6a55333f8e	d3a6b89f-cf5c-40cf-b2b3-ac1c8315c648
ee3d748f-e175-45fb-8675-a981f6056848	d3a6b89f-cf5c-40cf-b2b3-ac1c8315c648
d1afaa3c-42e8-487e-9842-72a808853fc4	d3a6b89f-cf5c-40cf-b2b3-ac1c8315c648
3f10bd89-2a3a-4d58-af94-dc1bdc93d00a	d3a6b89f-cf5c-40cf-b2b3-ac1c8315c648
a69a7802-2967-4487-b0ed-812210721bbe	d3a6b89f-cf5c-40cf-b2b3-ac1c8315c648
4415d360-04c0-4822-97d4-937d71e81d0a	d3a6b89f-cf5c-40cf-b2b3-ac1c8315c648
f7862c92-3300-40d0-bc59-17ce5769646a	1ef55baf-bbbe-480d-85e9-7132c742f196
dc2c2cc8-a351-4221-ad16-0671bc430ada	1ef55baf-bbbe-480d-85e9-7132c742f196
972b5a2e-603b-4ce7-8de3-ee3ee2f3241f	fc8cf356-f4be-4635-a896-fb468aaaa832
42caee24-4225-4c0c-8c1b-4da550ddd120	c36c3108-2581-4b68-852a-c929fc758001
41d25f7e-f6ed-4155-887b-dd206f37b878	9d24b3a1-a1e1-46b8-bc01-8b52b442e55d
e966abdc-41cd-4101-96d4-1bd72f92e305	b6e78796-8fa6-4f24-9c01-ca4439e6d207
6eb669af-5839-4c93-8ee1-9032b100b1d0	1471aec4-4790-4634-bec0-4a497fd6e4e8
711cee4f-9d8c-44cf-a043-918cee8dcd0c	2024cbf5-59f6-4671-b5f4-8c73b6a2abb9
bb856964-994a-4c3a-bf1c-2d3654cf4abb	c1f35267-39ce-4b7e-8d4c-295bc1888ee6
bf63e3bf-3fde-47ed-b7a7-d451d4c41dac	eaf07d6c-ba45-4fb9-afb7-a8cbc7e7fc2c
1981464f-2bfc-4f37-a936-8435f5e9b4e5	13ab6085-2376-451e-8fab-d2c21b33ae0a
b696ec7a-2852-468a-a907-b2cf4f584b97	7b5c2316-8f97-41de-a268-06dc735cc8e9
35a54786-50e3-4603-96fc-98312c938540	704022f7-3bbf-497b-bff8-b4ebb4c00736
24e348df-bdf1-41d6-b6ab-611f31dd77f3	5a1a8bab-bc15-436d-9a07-92eadd39a232
ada6c64c-1da7-44ac-9899-09a62c226afe	4d2f936f-ea43-45ce-b6ab-ba021c502e36
8609db8d-b91d-4a9e-9843-ff9f6ab3e9fb	bffce409-f344-4060-b503-2711009ac449
11264d8c-b304-43e3-bd44-48b84739078a	bf5ba682-ce8c-4bbf-8564-a861a4d81760
89f19b69-d03f-4030-9792-89945fd0b608	d7a6f475-7e4a-4d02-b412-acbdb0f1c005
965487d2-5ba8-4438-a2dd-d8d3cccfc0a6	f9663317-ebf1-4363-b61d-27a79ae07263
85488559-69dd-47bc-aa71-e11a9e26fe0d	31d30d79-ba1b-4a50-b52b-cda8ddec3788
3be294cc-cf1a-404e-a2e9-676aadb0344d	bbfebc1b-8d10-4321-8e9b-8c1d6ce27cfc
bddd8abf-643b-47b2-b6f4-abbeb3e67fe9	d92d1a7a-70ec-4ade-bfbb-02f6ca38a4dd
77ec24d9-a4d3-4583-bea2-769e45b1c9fb	ad734b66-f8a3-42ac-8b6b-4b284801b1f4
29bd0692-66ff-4bed-ad37-64f96b3f0f41	d83a0308-464c-4f65-a870-ca7dd4007b31
5e0bb7ed-631f-48cd-937f-5b25681e5c06	0b267f7e-3189-4311-8e43-407f6c7120b2
aaf205a2-97b3-4f44-9330-080ec8e6f93f	3b85ed4b-16ae-4218-855b-12a6e1652121
1c638548-1986-4fcf-82aa-5c701933d9e4	e0c771b1-7ab1-489b-834c-d90bd6b23a63
c167a722-218e-411e-b737-8b91f8975db9	f3fea4d7-0248-40e7-b128-ce086a65d01e
221c7bd7-6b48-40e7-aa1c-6f5cfafd75bc	f7b0b89e-3f44-49fb-b0f1-4037adc59650
d294993d-d504-4af5-b272-b93d16559c79	bff5efee-d423-4a52-867c-28f637c2d3f5
b6da7a41-d908-4f07-b52a-5e4c459af2e1	306001c5-f1f0-403f-b3ef-7bffda78f7fc
ae398c3b-bdb5-41bc-9d6b-0131b54db62d	283cc17e-3cfd-44a2-882f-39ecbb24b230
e21d81eb-3d82-4808-95f9-75851a316fe2	c3c3e9f8-cc8a-496d-8639-08b58bdae357
7b695e32-fab5-4bd0-b613-5dd0d994d7f8	07eb63e5-a3bb-4368-92e0-89cf77b19a2e
a2d55701-07f8-4712-b76f-9cf35811a9b2	7db7f608-c3be-4af6-a172-7564ddfef403
0910569c-2c4f-42cd-bef3-7e212b1f1061	503f3a73-ceb1-4b5c-b64b-bb3c72c81da1
982f062a-eb2a-4277-9ba7-83198a1e7a04	0c2082c3-ae06-490f-ad1a-64b937991be8
85a11c5d-a8df-4f7b-9224-311891dfe073	54da2e4c-8fb4-486e-b25e-062165bb12a6
248799ee-81d2-470f-8e27-3c807ea00e97	e4373c0a-5600-43f2-990f-58bce4106a85
9eed41ef-2f6f-4a55-8a54-8618508d738e	cba0a5cb-1fba-4aff-9b14-d57b73352214
9d7f348b-6436-47ac-9913-f20a48c0b13e	e2869a81-6b83-49b2-a50d-428c54b72593
6f3dc638-4ece-40e8-b4d5-23da5bd49549	0448c79d-0ee0-42ff-9331-aeee70cef301
57094b94-5190-4b85-83bd-e5609a4aaa58	f717ac77-6f06-493f-8336-4e660a18f74c
83b371d7-75be-402b-82ef-6ac7b2c237a3	5f76f597-5510-40f9-abbf-2c6cb8ac3991
1f8090c0-6594-45e2-b1df-1cbed74f12a8	25eebe25-aaf2-48fc-ab7b-186d7498f393
bfc8860e-3a9f-4353-b3b5-57f58118c753	2acf5ba0-8d0b-43e8-ae84-2a1b32364773
aa105685-0f5e-4b06-bb3a-204010904836	1945ae53-ad18-41cf-b9ef-8bada84cc8e9
95eff3b2-c35a-4ece-827a-2aae7e558003	e7c9251c-d39e-4b48-88c5-b2783bb7afdc
dc6a9a3e-29bd-499d-aa4e-61a42f2d53ac	f3fa9e56-78ea-4539-a0b8-6c0ffac6afc7
a63ed595-2dcd-45c7-a081-ca573d19efda	83de627f-524b-4162-a10c-384dc3e8107a
02ec6bbc-aa8f-4436-95b4-681bca1b3515	6e05a9e8-ba07-4e6f-8337-31c5362d07fe
2a337757-92a6-478a-8116-0728576df2d3	c2142922-84d9-4564-8216-a4867b9e48c5
553cb10a-f9af-42ba-8fdd-ac4d05658bb4	f8d1971d-9a7e-4a25-9755-bcdb69aecd7b
091a7790-dbb7-4ddc-841e-7e34e17ea650	8e02acc0-486e-42f8-8e0d-b17a77432273
e7a275fc-e6ac-4fa5-8b82-c02b98794ef2	048b2140-9d4b-433e-a2dd-8d4122eb157b
3f4b4cbc-a87d-4162-a3cc-b1f792e40073	9ea634db-53af-445e-a767-60ec9efc321e
9447b20d-1095-4c6f-9330-57edc840d316	e0331877-2109-4bd3-bb11-b75d0878c632
2e533124-3258-4ec2-a777-beed1712d1a0	995ec4fe-b3cc-4cf4-bd48-b89d4e3ea072
a349e814-c600-495f-9cbf-cdb99b526973	995ec4fe-b3cc-4cf4-bd48-b89d4e3ea072
2d44febd-b796-4aaa-8357-f2ac85694e2b	85d5d550-b946-4dbd-bf77-875017c8e7ec
61898043-22fa-4508-b7d7-09cacbc7c587	85d5d550-b946-4dbd-bf77-875017c8e7ec
695d9420-d1e8-459e-ba9f-7a20dbcca736	85d5d550-b946-4dbd-bf77-875017c8e7ec
4db18afc-6d9d-4f6d-adec-ba31c0191aa5	85d5d550-b946-4dbd-bf77-875017c8e7ec
51999010-c2a6-41b3-8901-2b02878354d1	dbe7aa33-b908-4ce7-ac42-dde07f259044
b1223c4f-7132-42d3-a1cd-90e823adaa5f	f6bb99af-541a-4d41-9e47-cc36cb479d4b
de6266c0-adfa-4a46-8372-0a1466027ef3	ed521429-58b4-4c55-9bbe-4f4bfd2fcb1f
7e133f7a-2e2e-49c2-b736-14556eb5ffab	79e15345-5c83-4d41-94b4-03f2b2018b77
e1c771af-d38c-439e-ae6d-76270f6d3078	11f43558-d703-4b9d-aff0-f2354a11b359
1aa25319-31ee-422a-bfcc-a31514e826a9	20c70a51-4ddf-4f6c-ad2c-1a6729b95fa4
ad8ba2b5-c92a-4516-9b55-31534db0db25	20c70a51-4ddf-4f6c-ad2c-1a6729b95fa4
7df55603-4ed6-46cf-82d1-30fc42f67a6b	129f6240-898a-4d26-9a42-fde65d3cbd55
ed836651-f1a2-4ebc-bdb4-d341b68bd544	75b2f1a2-b2e5-40bb-97f8-ec414c58613e
dc6f6dd2-0718-4e41-81d2-109866bb9edd	044f4af8-be72-4999-b7dd-13434fc4a394
c3bf6eb4-4d36-441a-8935-67a15d618397	3f3da1e2-0891-4fed-9460-a53c01ba211a
63c9f38a-8ff4-492b-a4a0-80c437afcd2c	ae3a9478-de14-4f24-a9d7-79358ec37e25
8eec0d73-1380-4756-a5cd-9a6acec7752e	a89c95c7-0b82-4162-b9d8-cc0205e9f7ec
47bc1b64-8ea5-445f-bf40-285edc559f82	773a16a7-3531-4b56-8253-babd15ad7f87
d68e4d68-16d6-4397-a415-de8e080a86ba	00abb46f-34e2-4bf7-be30-1fb0b1de022f
2a8fceb9-6acf-49b6-8b0e-7df3973bf749	7d9c0d09-e833-4a74-811b-0af78da9c731
15313111-6a11-4832-bf44-0e52a2fe05ad	bab30f88-eb92-4aac-ba6d-fb7c61f4b7d3
a926b352-f903-4f02-9471-ab81b78ee709	9ad91eb4-9217-41aa-a547-7b86f7c68deb
2800bf8d-6d27-4a77-a621-ef65cf44c7bf	10337db6-8321-445e-a60b-28fc1e114f29
28b1dcd4-14d9-415f-9b60-5ce46b468211	e2aa09eb-c82e-4977-b614-ef71da5936ce
a8cc4240-9315-4419-b428-14533f2fc126	ca244e10-0b1b-42dc-93d7-a8853493a550
df1e5f29-9094-46aa-9eed-71a4b9b95023	39b1c001-08d5-40bf-8e7b-a6def2484eda
b83c322d-b8e2-47c1-98ef-17329cabce1d	8377daba-f607-4dca-8a07-e1c3486bdd46
86f27603-2970-4319-a945-f481ccf3148d	7d68717f-a8e9-4bdc-952f-264e181427ca
78c2e761-0d2d-4a9e-af57-14148bc17584	c9287777-90f1-4563-aabd-44cd3ac3675a
3f859466-547c-4056-bd70-6e632a325799	011a2a6a-3bd5-4a8a-9dda-57775db4e604
61576233-0000-4f65-b52a-acff6068a403	011a2a6a-3bd5-4a8a-9dda-57775db4e604
65a50f12-2524-43e1-b8f0-a71284a68caa	011a2a6a-3bd5-4a8a-9dda-57775db4e604
0bfc0b65-6ea4-4cac-9ad8-b26a02d4b22f	f5f145fb-def9-4500-b1ae-fd44354fdad2
30128f93-4164-47dd-8364-0c099d4aeda6	edd8b82c-1597-4d81-899b-60ab61808367
4b5140a2-28ea-4707-8998-a9d1c32dbf53	5b5a21ac-0835-43fb-86b9-64b93d472e10
df97accd-42e7-44c7-8f42-b17c9a52d9c4	a7067e9f-fe40-4338-85da-13a6071c76fe
53035bee-d726-49b1-8e9a-b66484417371	54c89136-6466-4e6e-bfcf-d4fe6a425037
66e1fc22-6ba7-419c-b1d2-b6ef0de51e10	54c89136-6466-4e6e-bfcf-d4fe6a425037
998035d6-2d5f-4876-ba6c-e7443db3afa8	fe311144-8c0e-4440-b068-6efd057e0f6a
05e162ba-5fed-4b8e-8965-a634ac620434	6b8442f5-4766-4444-94b4-d6676277fd80
3885375e-7bac-4fcd-807f-8e12c6c0e5f1	6b8442f5-4766-4444-94b4-d6676277fd80
3b65e029-e366-4e12-a2ad-0361e3d44b61	ccfb322a-20aa-4132-b58b-0f76acec8f5a
54d19e73-0941-48d0-8701-3ba3c6c326d2	7a551dd8-b59c-4f59-9d50-c92cb61c5799
e1b3722a-d42d-414e-9fee-2b122fe31299	95b013a3-389a-4367-83b7-c9d68c28c406
5939b34f-42bb-4861-bd4a-308a0ae7a1d6	63f34231-7369-4622-81f1-28a144d17835
82f75e59-28a7-42ca-bf8e-32cad194bfae	6c6e70e7-5a19-46f2-9d95-34789fd20adc
da812e1b-573a-45e7-8fbf-6f996133439c	b37048be-9b23-4458-a047-888956c69aa1
1fa0325b-7f66-459c-8183-1af623030c25	bb49f49f-c7e9-4c7f-bc6e-094f42a4a45a
88664a2e-35cd-42f1-bf69-1d235f774757	bb49f49f-c7e9-4c7f-bc6e-094f42a4a45a
9f0d1235-8dae-4cfb-ae48-2f622c778772	bb49f49f-c7e9-4c7f-bc6e-094f42a4a45a
22d5028b-74ce-4257-8eb6-18a5af1336f9	bb49f49f-c7e9-4c7f-bc6e-094f42a4a45a
5b7fa424-66b1-4575-b721-15f633a95867	bb49f49f-c7e9-4c7f-bc6e-094f42a4a45a
f6cd2838-78c7-45fb-bb11-261ca7123520	bb49f49f-c7e9-4c7f-bc6e-094f42a4a45a
ce2b3045-2698-415a-9cc6-f748a201395a	bb49f49f-c7e9-4c7f-bc6e-094f42a4a45a
0c7f4aa5-e276-4495-90bb-73a7a7d4b99e	bb49f49f-c7e9-4c7f-bc6e-094f42a4a45a
2102e8d5-e119-4ad4-88be-1233937a3a37	bb49f49f-c7e9-4c7f-bc6e-094f42a4a45a
81efedd3-5dbd-4d31-bae2-aa997ad3d5ed	bb49f49f-c7e9-4c7f-bc6e-094f42a4a45a
ddeafee9-c3c1-4bed-a769-b1a27839db76	bb49f49f-c7e9-4c7f-bc6e-094f42a4a45a
53f3f4ef-67ac-46e1-a2ad-5ef11bbfcfe1	371e700e-bc9a-4526-af92-335d888de309
d5c3e961-9169-4923-b689-354b0aac10ca	75061411-3afd-442f-b7d6-7607f97f639b
124e2a8a-5e81-471c-ae74-bd63dcc9d375	5e11f2ae-77e8-4f1a-bd28-ad9e4ec97f01
09f174d9-93bf-4f30-b6d7-cff914fd7642	5e3a3a9f-7380-47c0-ad84-2c193861e106
6c56a743-e4dc-4309-9736-db63f1cd6956	3a46f6b4-0eec-49d4-bbfc-e2e8f64e6117
a97f6044-4b0d-436f-ac5b-580c891f05a5	8acb9918-e064-47a2-bcc1-502b31f502fb
de73fd69-d163-46e7-bbea-12fdb1cb1bee	42252c56-7a04-43f1-84b7-1912fd32ccbd
65ac76b2-0440-473e-96aa-e6fec15c971a	0303127a-70b0-4164-9251-d8162615d058
029b6b49-dd20-4172-8842-6cbba6bdaf87	eb06657f-8485-42ac-89ee-9665cf4f7c49
70d5d6b9-5475-4981-a451-5f7ab02b198d	ffcb33cf-ccc6-4eff-9aef-4b00de44abaf
e9a95208-7dfd-497e-a34a-726fdafe75ec	0b73826d-7452-41b3-8107-07eebc440164
fa218d51-68f4-4a2b-88ca-4548e80f0752	7aef4bee-5028-485f-983f-842993df4a73
a1acaac6-ffe4-4450-8506-6a1755cb8aa3	3dd57c3f-71fb-4aa9-a52d-a14deed35475
26059a23-8fae-4025-b490-1a231193fc2a	f2cc0848-4d6a-4729-b4a2-d761bddef365
9944f557-a36f-4a25-a5d8-f7ee2b74daf8	72059b34-2a99-49bc-8f9e-05a06ee190b2
ead1bfe4-c846-494a-9444-37f8fad5c2cc	e5f150ef-9e9c-4cec-9404-8817792f3189
f1d841cb-a959-4b54-8472-e28f794b2c6a	dcd1e9c7-1370-404e-8816-eaa51d4b1a39
2329c3b1-0c1c-4067-8a4a-b665168d7600	73a25e69-3093-46b7-b0b7-e95befc26850
97fe0550-8f6b-4281-bb87-604c0521e0ea	7ad09746-be4b-491e-bd22-5ca35e99f14e
ae58a23c-19d6-4742-9c1b-18af8cf2a37a	5b2be248-7650-4473-a221-773b4f2ca6f9
71b53845-f570-4698-b764-4e6ecdaa610a	b825876f-a78a-4c50-907b-6d8bc3583aa2
9ff21496-b86e-4179-8318-36ceac6d3462	8570e95f-3ed2-4483-b040-11f69585a9b2
d2787b67-0f9c-41f2-bca6-e35ab1accdc0	3fd64aa0-45b1-4996-b60c-29e4b390f1a8
0668f151-1116-4a27-bb16-761cf259d3aa	cefd2836-3cc1-43dc-a9d1-bfecf79a6252
d4404f80-c2d3-479d-b19c-749a8f6e2696	d446a52e-c4c1-4e74-ae30-3204620a0365
6bcaa910-926f-497d-85a0-6387a5c29cb0	d446a52e-c4c1-4e74-ae30-3204620a0365
3369edc2-4537-44eb-979e-fb9b573d1493	d446a52e-c4c1-4e74-ae30-3204620a0365
ee4bee7f-e9ba-4eef-bb38-ce00536e55de	65c0e15b-dad0-4681-934e-91c0a378d2fb
7a270c3a-1161-4fb2-a613-090d3e603126	0087944f-871c-44bc-b4d9-cd5acfc27023
50df3494-ba06-4cc8-8525-64dd7e460a44	b8307c16-fd77-4e35-9b68-8726a025f401
2472a4e7-c676-4458-b857-61c82f1e903a	b8307c16-fd77-4e35-9b68-8726a025f401
f9d25147-66c1-4c06-ac75-351c09d0ea39	b8307c16-fd77-4e35-9b68-8726a025f401
40444eb3-e834-4907-9415-9fedeecf2eef	b8307c16-fd77-4e35-9b68-8726a025f401
d02d6e88-b31a-477c-88ea-4085e5f611cf	b8307c16-fd77-4e35-9b68-8726a025f401
afb14906-fd45-447e-a42a-54a53b90e512	b8307c16-fd77-4e35-9b68-8726a025f401
1e4968d1-d4e5-489c-a4b3-47631f9579b5	b8307c16-fd77-4e35-9b68-8726a025f401
b50fb94a-8f57-4a89-a19c-5111e63327a3	b8307c16-fd77-4e35-9b68-8726a025f401
636d8122-db4f-4e9b-a34a-819bde4f1fe9	b8307c16-fd77-4e35-9b68-8726a025f401
f66acc52-455b-44d9-ad48-d10a301a0f4f	b8307c16-fd77-4e35-9b68-8726a025f401
