WIDGET_ID,DATASET_ID
6f6b413b-f4b5-4738-9363-7ab6732a3bd0,d639909f-bcf3-4875-b8c3-35f030b68ed3
7cdad4dc-0074-4bd4-b3bd-db6ffc4e0180,01ddff59-8cbc-4420-8c0d-9d8317a63292
73f00267-fe34-42aa-a611-13b102f38d75,06c44f9a-aae7-401e-874c-de13b7764959
8154cc1d-b5d2-40fa-995d-6afc698ed43a,098b33df-6871-4e53-a5ff-b56a7d989f9a
91b78911-6098-4e1c-ad50-c67d812f02b0,0b9f0100-ce5b-430f-ad8f-3363efa05481
7592da9e-8844-429d-9f2b-0147dde29ff5,0b9f0100-ce5b-430f-ad8f-3363efa05481
90e92159-81ac-446b-abd5-e17d7c389519,0c4d8351-edf5-47eb-bbbd-a302eda84412
514dc521-9486-45e5-aeaf-fa9950a692aa,119506b3-c5a3-423d-8050-d99f15f12457
106bf4f3-e06f-418c-a5ac-4001b1a04f67,11de2bc1-368b-42ed-a207-aaff8ece752b
ea0ecd72-41f4-4ced-965c-c95204174048,11de2bc1-368b-42ed-a207-aaff8ece752b
460e18e7-bdc3-40a7-9a36-997d38bb7e24,11de2bc1-368b-42ed-a207-aaff8ece752b
3946f175-58de-4e2c-a53f-1b018028ac90,134caa0a-21f7-451d-a7fe-30db31a424aa
4521b085-cb91-4ec9-8da9-b4f85739b494,134caa0a-21f7-451d-a7fe-30db31a424aa
c371da96-86fa-47ea-b618-a455fe75551a,134caa0a-21f7-451d-a7fe-30db31a424aa
13de93db-bc3e-42dc-89bc-c81121c8d5ed,14813f7c-a635-4ed0-802f-3f4395daedd4
542f5d90-b7d2-449d-a7e2-c5986f5eda3d,16df8ada-87cc-4907-adce-a98bc4e91856
8a149207-610d-47f7-a36b-1566323a3976,1923920e-37b9-44c3-9b9f-bcb8426ab9d7
ec856000-1e8f-4e93-a76a-533d3eeea0d0,1a3d8068-7247-4184-baa6-79926c11eebb
af969fd8-fd47-430d-ad13-9113e42e9fed,202c67a5-5370-4578-b8d6-16533fc44980
dd807f94-6b38-4cdd-b83e-3b8c0868606c,20cc5eca-8c63-4c41-8e8e-134dcf1e6d76
3e7e01d7-187c-4230-9486-44cc9b693428,20cc5eca-8c63-4c41-8e8e-134dcf1e6d76
cc14cb38-e851-4166-8c1b-746dfb7a7a3f,20cc5eca-8c63-4c41-8e8e-134dcf1e6d76
d409858d-9beb-4df5-ae48-bc0d6e9cda25,20cc5eca-8c63-4c41-8e8e-134dcf1e6d76
5ebeddda-8f3d-4e63-8a52-08e15c3e148c,20cc5eca-8c63-4c41-8e8e-134dcf1e6d76
ca9b405f-93aa-4c77-964c-dc1ff13baa9e,21ac3cd2-9c19-47c7-ad18-4bcad118870f
96e5e426-33a8-40fe-9f7f-f36d9db82a8c,2223f9c9-1acf-4e37-b807-f4b7063b47b1
8f54b4b3-3a94-46f3-950a-54927e280d98,223b936e-06b8-4970-abd9-4f123904d95d
9254dc77-886f-46b0-b2de-8bef109e86e5,24f9654b-c542-4987-a6fc-7d5b6339e3c4
eb14a35e-50bc-44c0-88fd-199324550468,25b0ab35-0865-42f8-9b02-24870d0c4e82
6d84d2a8-ddd2-4395-8396-84d238868ba9,26570216-acb5-422c-896a-465574f0a552
acfd71bb-c331-4651-99c6-6230ea01bc8a,2a4382d0-026c-484e-b0a3-f02d1c207070
acf093a0-c627-4ca7-9963-9cf1cc0c563e,2b569ae2-9452-44f8-9c81-3c3afb6c3c25
a16ba67f-1ab5-481a-a317-09479c2bbe6a,2bb6dcbf-0420-4bf3-b6b5-e38793047b9f
63d3ff2c-394a-4c45-9fd8-f6aeda5ad3cc,308f0bc1-ba4c-480e-ac11-1f261a208e2d
8af430e0-da39-4169-b88a-8a2b26e277f4,31ecf690-73a9-4153-a13d-ba0f2a694b9b
7943e616-b721-4206-a4b5-8eadbf6cae07,3624554e-b240-4edb-9110-1f010642c3f3
2e929ef4-8a00-472d-8ae6-a07e18237665,3973a9b5-4ee7-44a9-aaba-24e6a4f23358
570355b8-01b5-435c-b682-58ae45d52115,3a17f882-a1b3-47dc-a52b-e68d7d02aae5
af113f0d-dc25-4242-9a10-6fed71eb9d57,3ac5a895-b8ab-4480-b7eb-0fbb452ea76f
4f0c40c2-51fc-4c77-987a-b6ea415484ad,3ac5a895-b8ab-4480-b7eb-0fbb452ea76f
57a3d4f4-7dcc-4424-8157-8e519b5b99a2,c17fab24-f71a-4c3e-bb87-6b753a944e6b
25facdf3-acf6-4f0e-9a0a-5ec94216407f,3e7154d1-2aad-4f64-a7e7-01bcf8f7f488
049f074a-3528-427d-922b-3c2320e9caf6,3f09c3eb-c259-4af0-9015-7077290fe6e8
fa9ea589-fe68-40e4-b16e-843ccfc6a54f,3f35ccf5-a104-4edf-b1ca-4e0bd423615b
18c71403-598b-492b-a1d8-681df4227ebc,3fd545ce-1ce4-42b6-b503-21ec01e1bd93
f2fbd06e-8e2e-4b06-a883-0e4c1146c79c,3feaf26c-42c8-43ce-b1b5-07a02a773c36
05567af7-4bf2-48f4-a381-0c164f03674f,419db543-70a9-4b37-925d-1ea79042e5dd
e119413a-516a-43f9-841c-ea1520042c39,426fa4e2-edee-4f54-93d1-af95d7f4aec8
2f2bc2bd-638f-49ff-b2a8-8019ba273e0c,42de3f98-ba1c-4572-a227-2e18d45239a5
d65417cf-5c4e-40e3-955d-937506b56b36,43cf456f-e557-49d9-831d-6766a1fc2bc8
1af67fed-4301-4a6f-96bc-50f71d79da9a,4458eb12-8572-45d1-bf07-d5a3ee097021
5eec6ec5-51e5-4d39-af23-9d1cda64dc3a,5e87d53c-10d9-419e-a0e6-122e26b064ca
dab3d181-469e-4ab7-a1db-cc4485da7610,5e87d53c-10d9-419e-a0e6-122e26b064ca
d30d3c55-fbf1-4510-b4cb-af65da40f915,48e1ff23-9d22-4b4d-a6fb-f29d76ab5855
8fa7ab70-8195-4bc6-973d-336cb34aec7d,48f596dc-561e-473b-a4b2-c40f44800cbd
518ad6e8-448f-45e6-943e-359af82e4ed0,49ef62d6-eebe-4a52-800e-d48d3d15996d
5d4dc196-709d-4201-8877-86b8598ea1e3,4c9190e9-205b-4ff8-83dd-ee08cd63a04c
18e72846-5eb2-43e3-b734-968c6a704a87,4d676794-7867-465e-a41b-db1b6986729c
8739c082-712e-4c06-8023-9387030711de,4e6fbd04-253d-4fae-929e-0dbc8e106c86
b9aaec4a-1d69-4b2d-978d-82238c08c181,e7780d53-ad80-45bd-a271-79615ee97a37
fb80535d-b829-47c0-a71a-161b2a15ee98,5725b51a-f966-46f9-ac53-7e25fe052c00
cf7a9c40-6c3a-49d2-afb0-de16b9a2d2c6,5824f21e-9faa-4b32-851a-6633a12302aa
6322108b-8ef2-42f5-954b-63e21299e109,5903f1d7-2240-4591-b970-33b32fe3be54
aac54e4e-4133-4127-8a4f-643db2429248,5a8f3a76-0a61-4b24-a549-f109c34e4987
7b29a2a5-515a-4e22-846f-03ad3d2c0a13,5be16fea-5b1a-4daf-a9e9-9dc1f6ea6d4e
3f92e7c9-51f8-4a97-9c55-d02477f11bdf,5e156d22-7f84-4cd2-9724-c1a519a83e0a
c6a1f742-dc86-4199-8b18-6adeb079fc47,5edefab9-c707-447e-96f9-6115149e3a87
3051c12d-7914-4658-86b3-02ca783841f8,5edefab9-c707-447e-96f9-6115149e3a87
04b1610b-74ef-413b-b167-3a0169f77b3f,5edefab9-c707-447e-96f9-6115149e3a87
b568e47c-cc4b-49a7-a260-c993a2feeffc,5fad614d-ec7f-416b-b3a2-24258c969549
5a1ceb66-e62a-4b60-bca5-1c5d5e335276,62494370-3799-4165-838e-0ebaf42804c2
91095908-023c-4d92-8ab9-d2eea756411c,62494370-3799-4165-838e-0ebaf42804c2
0bf764d6-9bb8-4565-bd11-4d729d0fd004,62520fd2-2dfb-4a13-840b-35ac88fc7aa4
9d6d8c27-232c-43cd-9e2b-9d5562c1df95,5d269c36-6ccf-4620-838d-431f86c30f69
2f056adc-3802-4de8-9dce-e637b67a196c,63e29bc8-c341-44a4-bc0e-1d3dc1714c13
94b43a46-5594-46fe-8484-46e0dd73197b,63e29bc8-c341-44a4-bc0e-1d3dc1714c13
00f7e6b3-2a87-46a4-b9e0-bee1b0bb3be3,894f43a8-ce8e-43a5-a4c7-fa80faa43d63
39946027-a44e-4edc-a2a1-a344e686ed6c,894f43a8-ce8e-43a5-a4c7-fa80faa43d63
f41f5a63-52ce-42cc-80e7-2749f14482ba,ddac9a5a-1b8a-4c04-b47e-70ef527addc1
d0143c52-0920-4700-8c28-9600fcdf76e7,6a18cd92-acd3-4107-b855-95fa2af24473
98e026bc-ab55-4086-adb2-afdc9b918985,6a18cd92-acd3-4107-b855-95fa2af24473
2cb0babd-55b0-4fee-9596-0832cf9d48dc,6a18cd92-acd3-4107-b855-95fa2af24473
69963620-4cc4-4010-9072-0315cbc71265,6a5a2dd0-8bd3-4d56-99a1-aee0100c4bed
31734506-f80e-46d2-9bfe-066f3af2b303,807eeeff-c33c-4b74-a816-3c313bafdcd4
89dd9f5a-8269-4cae-bdf9-8c74c407cb4b,6d99441e-5faa-4c61-967f-01c9fe60624b
cb58feed-abc5-47af-ac42-444216542562,6d99441e-5faa-4c61-967f-01c9fe60624b
6f01a91e-bb68-4d10-9da4-e48b553193f3,6d99441e-5faa-4c61-967f-01c9fe60624b
68aa2bf9-1dd0-423f-a93d-c74aadc5c594,6d99441e-5faa-4c61-967f-01c9fe60624b
e4aa8159-ba25-48fb-9511-08944c3f8ab1,71b81fe0-23fc-4154-8601-ba987381594c
606e07d5-e6be-48ca-9efd-51658af95198,776ae93f-38bf-4639-b6f7-80169f875774
4cb49485-126e-42de-a39b-b7dd8b914524,1128c384-3e9c-43a9-9c21-01b81aebc52e
1ff24d18-594d-4317-8fde-bbdbe7e17a5e,7d3465f8-5959-4531-aaf2-c9a8a03183b3
b344faae-5735-4d9c-a5be-f4f55bea53ee,7dd629e7-b640-424d-90f7-2fa3a0fd3545
08f13133-19ef-48a2-903a-b0f71047e2fa,bf5877eb-399a-4237-b510-b1d41049e3bc
e7ece9fc-6de2-494d-811c-90ab4ca52b39,7f042ee4-2aed-4c2d-9313-908738b39174
667d3061-8fe5-49d0-a9ce-60684d06f3ab,83e983f3-9d21-4abd-b4af-6dbfff8e60bc
90e0c611-8b01-433a-b086-cadfc0127a45,84d8bc6c-7d1d-4b36-8637-fda03082aaed
f41c9c24-66a6-419b-be1c-5e21145e06dc,86777822-d995-49cd-b9c3-d4ea4f82c0a3
42756e3f-2c35-4d28-a221-47b0751380f7,86777822-d995-49cd-b9c3-d4ea4f82c0a3
73c574b9-f9ab-4f77-87be-651ff8dac5fe,86777822-d995-49cd-b9c3-d4ea4f82c0a3
8c9072da-7c20-4c74-b5ea-b922dbf3d7be,89a6358e-27eb-4b9c-9f0d-befc4959f914
74e91398-f08d-4112-addd-c8b51270dea5,8ab2606d-1b1c-4b71-ab29-c6e0a687e9fd
b19eade4-edeb-4f50-8002-1a48f6b404f1,8d84f6c6-8e7d-410e-a408-cbfb2555b35d
e717bebf-8bfa-4eba-9ce0-67eed3f924db,8ed34061-7996-41fd-8a8e-3f9458fa6cf5
a5dc9b40-281d-478e-b566-3736580ac602,90199a31-1f11-4319-a615-35bf8a0c625f
2a59debe-8a0d-4728-8e44-49aa245f7a9c,90199a31-1f11-4319-a615-35bf8a0c625f
8fd295e4-de4b-439a-92b5-6b26a32da737,93ee443e-cb39-424a-9aa4-1d16af813418
8abc3cd9-1686-4864-9e4a-50159d2b4e2c,995c82b4-6fd0-44de-b21c-20fdce9738d9
9ffaa6e5-4f31-41a6-bb62-3c994b326f98,9a74e4c4-33b5-46d8-90d0-ea0615b1620f
4f322f4a-dde6-4f63-b7c9-10b0ba0c1402,9c35be67-2f1b-4991-be25-ca2a2baabe06
14e1bacd-955f-4e32-ba5c-78e11fe6325c,9e9a5c50-b825-4f12-838f-1650943c2be1
874d61db-1694-4c4f-a631-c74eb57632cc,a07f1bed-ca16-4fbf-b14b-d3a0344cab74
8d27afbf-5e26-4576-9740-d9688ed84e28,a119aac3-81c7-4f8f-adb6-cca5449e9b6d
888b3dbd-697c-41f8-a6b2-f7f75452fb81,a33a0b4e-8e38-4cf8-820e-dd216212360d
07c5ad88-2312-40bf-b9d6-28e17f674c62,ccee0012-de06-433d-8092-8516bdfb79de
6edec5b9-a0aa-4514-96be-614e25da0b5b,a972a30d-f766-4d68-a85d-392538b4ccf9
833571bd-76fc-42d5-a3bf-c46b390a8145,ab806854-3c33-4008-a38d-a2bc71a8fc2c
45430086-5ada-4404-922f-4f072b158420,af6798f6-4dea-470f-875c-0ec497450368
5fbe0565-d55e-497f-a4a1-e9f0ef2a40b6,b3d076cc-b150-4ccb-a93e-eca05d9ac2bf
2b317fa3-8716-4923-9f52-94943c2bced9,bbfcf170-5c47-40b0-880d-b04648eba354
782a3205-747d-4fd6-a773-a24900a02c8e,bbfcf170-5c47-40b0-880d-b04648eba354
14a08a36-e9c7-4f3a-aeb1-f3e411c94a68,bbfcf170-5c47-40b0-880d-b04648eba354
a43d3629-46b3-4537-a96c-9ac67a260e0c,bd61bb68-592b-42ff-90d6-b6a5d0006101
556c62c5-2185-42d5-9cd7-c4a0bf172752,bf27ddaa-1117-49f7-b763-7a166a0b27ce
f30386c9-7fd1-4669-878f-faaaa44abb95,c2d418e1-6fef-4204-863c-090d0461334d
1d9c3182-f77a-4f69-993c-09c5cacdacdf,c465b42e-8c22-4dcb-9838-f6447393e28d
d53ce770-ff0a-49a8-8e1c-65b1150b3d48,c465b42e-8c22-4dcb-9838-f6447393e28d
9391e42c-f32b-40d9-a282-3083e617464f,c4ee894f-2a9f-4681-9c3d-d94cf106f796
ec40fa88-2f75-4681-abd4-0161db504ee6,c9a1753c-9bc5-4024-b4bd-dff9ec9044c1
b1b3bb53-aeac-46bf-8651-de87277e861b,cb833538-4fb0-4261-a9d0-125175624f29
8dae3225-6a4d-45e0-acd4-c17954a490ff,cb833538-4fb0-4261-a9d0-125175624f29
e41b9fb2-e3e7-4f0e-9fbe-738cd5ee9204,ccc113e6-fee1-472f-a815-114123489eb4
bafd137a-26e3-43a6-b85e-ea951614c0e4,cd3ca381-bca9-4d95-bcca-7e6031503c08
e87ccaea-7a54-4ffd-8721-b96b29e86d1b,ce9ca0d8-4365-4b62-ad87-350c0fc58f41
12689337-f38d-4acc-b78a-ea7c460c30a9,d02df2f6-d80c-4274-bb6f-f062061655c4
70b78875-21ed-4dd6-b20e-37a1a9951d54,d02df2f6-d80c-4274-bb6f-f062061655c4
e240ec07-5cb1-4c60-99a6-456c8736a4a0,d02df2f6-d80c-4274-bb6f-f062061655c4
72a9871e-2fdb-44e4-adcd-239c5456b98f,d02df2f6-d80c-4274-bb6f-f062061655c4
46be9ef2-5afa-45fc-9f40-d890c1f89923,d02df2f6-d80c-4274-bb6f-f062061655c4
c7adddbd-f14d-451f-90a0-093b54575b27,d02df2f6-d80c-4274-bb6f-f062061655c4
edd83c46-bdb0-4a10-a390-6a5e7d655ff5,d02df2f6-d80c-4274-bb6f-f062061655c4
f68964c0-2071-4964-87ca-24dba147764f,d02df2f6-d80c-4274-bb6f-f062061655c4
b77193dc-6dd7-4825-ab4a-c6b965fb83a0,d02df2f6-d80c-4274-bb6f-f062061655c4
3e468ade-438f-4cf3-bdd1-ae0a02219b79,d02df2f6-d80c-4274-bb6f-f062061655c4
2fd097e0-a003-4eaa-ac9f-f8e864b460d5,d02df2f6-d80c-4274-bb6f-f062061655c4
20ec7861-5251-40a7-9503-5ee3686a66a3,d02df2f6-d80c-4274-bb6f-f062061655c4
07bf4b79-35ac-4bfe-91b2-f9933086cb14,d02df2f6-d80c-4274-bb6f-f062061655c4
bfb80957-f41c-4610-8e88-15ac47e7c33f,d1c0ffe6-fe93-4027-976a-28ae05613c3e
6494f343-0781-4c21-affd-35e881414d40,d1fd9ac1-b99f-4f5f-b9d8-d3f1f818321a
3fbb83ce-670f-4f78-9c9b-bf8e2ae8710e,bea122ce-1e4b-465d-8b7b-fa11aadd20f7
ce44eef3-eb73-4bb3-94d7-7a5798f08e17,32324f22-e7f6-4e0d-bc38-d82c6484f1be
e8282e04-645b-4596-ae9b-f7b5e8c1b64a,32324f22-e7f6-4e0d-bc38-d82c6484f1be
11e41fa5-080c-4468-bbff-d7e0b7e000f2,d443beca-d199-4872-9d7d-d82c45e43151
7e43cf2d-93f2-4275-aa84-6e07e5cf88e1,d4535f42-c6d6-436a-90b7-c97910f90b33
b4d051a5-83eb-4dec-82a1-b21de01f693f,d6472fd7-9fb1-4af4-8267-a6bc2220e76a
641970f9-84da-4560-a715-ad4f70a3b8f4,d69adfa5-2087-458d-8f8f-388c888ed8ab
f5175fcf-767c-4440-a335-cbcc8079777c,52c55378-0484-48c3-92fc-3ee94d21c716
de6c5c32-92ad-4017-9449-93f9dd417b60,201af31d-b433-49c8-a9d6-15f7780d93e4
d81a14b0-8388-4b75-abb0-8149102426f0,d8a45b34-4cc0-42f4-957d-e13b37e9182e
e2778762-4b3d-498c-8b4a-869ac834f406,dbd97231-5330-4910-b3a2-fa9e7dbac598
abf5c0f9-4042-4ea6-9582-1b34209cb4ba,dcc870ef-6137-470c-8bfd-22a9060729fb
a5f6003d-c268-4380-a7aa-666fa2158d4d,de274c78-2194-4f7c-83d4-1282c31ca2a9
4bed6e21-8ae2-437c-aa01-9ccd861ab4c0,de452a4c-a55c-464d-9037-8c3e9fe48365
ec6de01a-2012-4794-8f21-b7f92a63ae4d,de452a4c-a55c-464d-9037-8c3e9fe48365
e1e4b9a4-b2c4-41fd-b321-a92de3550094,de452a4c-a55c-464d-9037-8c3e9fe48365
50c3fb9c-cef3-4533-8ae7-9ad122bb7963,de452a4c-a55c-464d-9037-8c3e9fe48365
94e850ea-34d7-49d6-90dd-01fd17350820,e5464f35-e839-4585-a4e3-d55b58afe8a5
b21627a7-b66c-4022-86e7-64e3a62bd6b8,e63bb157-4b98-4ecb-81d6-c1b15e79895a
3f21ebc2-e301-4116-8f9a-26c1c679c79d,e63bb157-4b98-4ecb-81d6-c1b15e79895a
b65fa72d-2e35-4516-8fc0-af2fb1635fab,e63bb157-4b98-4ecb-81d6-c1b15e79895a
5363504d-d1d4-4df3-801c-cf0436d0a97d,e63bb157-4b98-4ecb-81d6-c1b15e79895a
d0312ad8-9a09-4398-a1e3-f7e55366315c,e63bb157-4b98-4ecb-81d6-c1b15e79895a
c282ad09-8251-4a69-aa10-76ad6c330503,e663eb09-04de-4f39-b871-35c6c2ed10b5
c089b386-da97-46ec-b6fc-c30d954e9da0,e663eb09-04de-4f39-b871-35c6c2ed10b5
e810a527-403b-4d7e-9ba9-7dc2c2e829b1,e8f5b4e8-454e-488d-8b4a-b60ad02bce36
42c6740d-561e-4eb5-877f-618ea64c0244,e8f5b4e8-454e-488d-8b4a-b60ad02bce36
8cf1c78d-8382-4099-baa5-4841fe099f39,e8f5b4e8-454e-488d-8b4a-b60ad02bce36
cda855ba-cee5-4250-9409-f6be27d84bfe,e8f5b4e8-454e-488d-8b4a-b60ad02bce36
5f5f7899-ccd2-4477-aa7e-43805880eb33,e8f5b4e8-454e-488d-8b4a-b60ad02bce36
942a7fe6-fbce-438b-8204-a2954316e4db,eb33d4b8-26e2-48de-a153-82c9f86263b5
26bad74c-b05e-4b2d-8eba-cf3141700636,d81c1054-1a51-4d71-8786-50c2c14ee801
71cab60b-5299-4316-8a96-b2492cc6b424,ede84747-0116-45c2-accb-1dfe141c00ff
c5e4571d-5a20-459d-b3ec-a9ef96753ec0,f15b7b21-4aa5-49ad-b1c1-ae0074fcef54
8f67fadd-d8df-4a28-82dd-a22a337d71b9,f1d24950-c764-4f90-950a-4541f798eb95
3b17ba8d-e63c-4370-9c12-d1ff964d767a,f3d6d6c1-3b3b-4dfc-a2a0-dcf38d258ae9
0d9f7ab0-c519-40b1-9083-bbe66032c6ec,f3d6d6c1-3b3b-4dfc-a2a0-dcf38d258ae9
6ac5ecbe-11d9-45ba-9772-7daaba966aa2,d4ca3cc4-c162-469c-b341-b52284a73eaa
6f0a33f4-dbd7-4655-84cb-69c0e6693ace,f84b559f-1eb1-43f2-871f-93fea669bf93
d554dfef-100e-4096-855a-972e4d9f2390,f84b559f-1eb1-43f2-871f-93fea669bf93
551c3a34-167a-4b41-80e5-0370242aee91,f84b559f-1eb1-43f2-871f-93fea669bf93
349aae2c-d39f-4a9f-8a90-3fe7f73a25ce,f84b559f-1eb1-43f2-871f-93fea669bf93
62a47758-15ba-4b10-868a-e2bbc8ca60a5,f9d9637d-9a40-47a1-b3b0-ab89483225de
606c813b-d716-4b0b-8717-9389425c9262,fc85eac5-d27c-49d2-a248-dee26ec858bc
ea066dee-d886-4c07-9e38-25aa41e4b6ba,ffe1db43-3f06-4409-a26d-4b8cb62598fd
c03b45a1-0ed3-4f1c-bff3-77a3573b3e62,0be2ce12-79b3-434b-b557-d6ea92d787fe
77b805a7-cce5-40d0-a62b-aa2311f482a7,33bed1fb-9261-41bf-8b50-127a4d0c80c5
4a3582e3-65d8-4331-b397-f42ed5d190d0,e38d74e2-dabc-44b0-b9d8-d2da677ea7f2
351368d4-08bb-4fa7-8766-f7aa7fa79963,a206e54c-46a7-4141-a539-16487db42fa4
51e8d799-52f9-48cc-b91c-bd21d7ae57f6,09b01386-7614-47fb-ac9f-c9cccf86bc9d
38b2cde3-aab9-4310-834f-9ac2a96a91a7,084a996b-91a4-4d28-8d2b-aa1a110ba958
413a36b5-a7b4-4bb4-9491-98b5175b4e28,dbedcfc4-5b2b-4593-a6fb-321bba2a758c
43d3bfe3-802d-444b-a749-714e2569e2ae,9bb66234-e362-4bb2-b78d-e7875a1af84b
f6d1919a-f4fc-4f08-a7a5-7fe3cb497354,35ce2b98-adbb-4873-b334-d7b1cc542de7
ae3ef6df-10f9-48e9-a6e4-b874fad30853,35ce2b98-adbb-4873-b334-d7b1cc542de7
e0bdc2fc-e1a9-431e-ad91-5f2c9023f03f,469bb133-1fd0-491f-82c8-436e416279f8
88aefca0-e25c-4a16-80b3-f2831d2064e4,3174a5df-4892-44ca-b780-4c91373a32d1
756a71fb-1d9c-409f-82d5-efb4ebcac285,e0b94aef-4a3c-4fe3-8a58-7b713a4234a2
4a75ddf1-af83-4b44-9ebd-1b43687a2eab,9c249dfc-44b5-47c1-bb57-bf33ebd409ff
1ff9e33f-7000-4fba-bc0f-cc92e1adfad3,786fa47f-99ed-44e7-a326-98a8f433b54e
b65cb119-051f-478b-9599-4f16df0c7c41,ae6cbf7f-6fb4-4ab7-b815-5f297f7ee564
d171427d-ad95-4140-a9a4-7c24ea1019da,7ea34aaf-181c-499a-aadc-a74fabfb5cea
b98c1774-9ce8-4ae5-b3e3-6431cc94921f,62922bb7-0733-42b9-a825-d4f0b2bd3995
8fc6b849-f15d-45f2-8b39-1d148a731984,c8d3a605-3d50-46cf-a707-2aacbf6f7cb0
ade06195-c4ce-4285-8d11-98f5688d1b22,a205e78b-8867-4677-b32b-871dfa6bbdd6
e5aef90b-79c5-4e61-a36c-7b8545864c4a,fd36189d-b06b-45da-8c7a-de167477e45c
5e0f0039-48c2-4d17-93b6-cbb2535c22b5,2c9fa017-a77e-4ea6-b93c-f7b1fc3e18c3
d654b935-31cd-4971-877e-bf0345c8b49a,b1743dba-933f-4d7d-9b6a-45e5bde3b525
636d41ed-620b-4da9-8796-e5783347fc10,8ab33548-78f5-4276-a5d7-d9a4143698db
eb333827-5bde-48c3-88da-b20695c2c9f8,36803484-c413-49a9-abe2-2286ee99b624
58cd0458-38ab-4d9b-b1b9-040719223290,f94db446-be63-4fb9-a6ea-7cc918a0d338
afd95541-78e8-43f0-9786-78b346f13ef8,bd3ad33a-886b-4456-a032-119b9ac064de
aff299bd-c898-4be3-908b-ebf981812fba,46332f9b-30d6-4366-be24-582813256972
74626127-79b7-4255-a1cd-403a4dbf0576,4338471d-881a-475f-8bd9-60c4d48b8e12
34dd8dd0-48c2-4729-8b01-981416d121e9,6d3163f5-4e08-4830-84f1-2c5d76570a82
68ba1e1e-8888-436f-8f7f-f8680bce9b1e,51159bdb-4904-4101-a88e-ca7bd4f67cb0
9849523c-e7c0-4c95-ac61-07527fda8f0f,2034a766-6e8a-416d-b8ab-9b7b3e3abb15
3eac4479-c1ad-4cd7-851c-028946a698c4,2e31a1f3-576b-46b4-84f0-3f0cc399f887
1fea1d90-b918-43c6-950b-885b3ba0415f,c9eadefd-4a06-4f3b-a2eb-3e3f45624c24
a93325de-2781-49b1-b368-1916704a1d67,c9eadefd-4a06-4f3b-a2eb-3e3f45624c24
92f87faf-1c0a-4d66-8fcf-6a2254182848,d7c3d954-ac86-4d1a-bb6a-c8c432a94e26
df355903-a433-490d-b6f8-c3bca774c985,b18320f6-2d8b-4776-8f60-55bce10f7957
33b5671f-4e80-4f11-87e0-0d9f64abea3d,b18320f6-2d8b-4776-8f60-55bce10f7957
fd2e2a6e-f2cf-4d61-a66e-b79f39854b0c,b18320f6-2d8b-4776-8f60-55bce10f7957
91849538-09cb-4fbb-b81b-58c5693a01ef,2c092793-aa3a-4520-959c-ad48165dcae4
d215b0ec-3126-47b0-8736-c158157e7d3f,33a41780-fd0c-4989-90b8-2c76a127224c
6789c5b5-acaa-490b-8cbd-98deb17d404c,80c31f61-6e12-47a0-865d-f33a48bfdebb
c4bac72c-04b4-44d8-b220-40b0779e8ffb,6b670396-c52c-430c-b5bb-20693da03b60
cedf5035-2165-4c3c-a7b2-c1f97e041dcc,8671f536-1979-4b6f-a147-70152fcb44ed
7e03a3d1-92a8-4532-9988-7b63d47be81e,f8d3e79c-c3d0-4f9a-9b68-9c5ad1f025e4
5b1712be-f372-447c-b88b-9d2c57b7c675,d38d0d5c-31b1-47f4-9d2e-d8fba4c7d083
c77bc834-d1e6-4b5b-91de-81e72dcfcb9d,c18a38cd-94ff-48cd-818f-6ffb05992abb
ff64d890-b3ef-44f0-a2ba-89cf0ca70a54,fd49c7ad-db12-4c1e-b74d-adef17160f50
7bf0692e-a122-4b78-8112-c1efc4c65b86,91ff1359-6680-49bc-8002-20256e999993
9e22534e-f7a6-408b-a8e6-4ae7dcb42669,aab58627-36b7-41fc-9658-27a850c34d15
1fff1c80-37ab-41c0-8708-8ec738e3d5ed,4fcdfd32-a02b-4068-8062-a0fee100aa75
2352da45-b712-40b4-9d79-41c1984e2f4d,1d6c6bcc-7787-4b9c-84bb-25a185c124dc
0a667d8d-26e8-4432-92d2-0291560b6d43,3c12072d-611b-413f-b314-4df0834523ab
2b0b8fed-539c-48a4-88a3-9d766c0e97eb,90a76816-cb42-49e0-a736-9c3d82cb0d59
9c18de58-b7bd-4275-be78-a458644b15dc,62c988a7-1e4d-418e-87bf-a743e24209e8
eb8f625b-d974-4d38-b477-1225a9920703,62c988a7-1e4d-418e-87bf-a743e24209e8
5fac4d2e-16a4-4dea-8335-a9a64608f3b5,1afed2fd-7f44-48c9-b5d6-9b056000956d
a1a65888-342d-4a50-9241-6834afc0720e,5e69cfac-1f68-4864-a19a-3c1bdb180100
b9192492-20f3-4725-8e90-8795f2176329,3d2ce960-abda-4c9c-bd29-1929e9ca24c9
5ab7cfe5-73b1-433d-82dc-351f9f08d51c,11a8995c-051f-455c-9b94-c868f2161894
75e7b20a-15fb-453e-9847-a09358c6f6a6,3c473fd2-2e82-48ce-8f16-c14a104655eb
2c613f97-973b-4b33-8906-a904396ab7d5,3c473fd2-2e82-48ce-8f16-c14a104655eb
4009c2e2-1596-4f63-b9b0-8197b1eb0cf8,03bfb30e-829f-4299-bab9-b2be1b66b5d4
0af83cf6-17e3-4979-9a90-7648b172b416,8bc79a36-d77e-4ee3-b9bc-c77146cfc503
603fd644-8bc7-466b-9737-7ce74b19568c,8bc79a36-d77e-4ee3-b9bc-c77146cfc503
bc614e9f-18d1-4334-bbe8-18fa0fbfcec6,8bc79a36-d77e-4ee3-b9bc-c77146cfc503
59197492-68d0-4bc0-b4c8-6d3e11fad124,e8f53f73-d77c-485a-a2a6-1c47ea4aead9
2fd61398-6e6c-4a44-9af2-e97164b697ed,e7582657-9c16-4eb1-89e8-0211d94015c6
c7fdb26c-2ccf-4f4c-8d74-fcc7f20aa87c,2cc29514-b97a-4103-92b1-c8c8e9268cd8
c4bb527c-fcea-405b-a763-d39c5741a87d,37d04efc-0ab2-4499-a891-54dca1013c74
bb11f652-2467-4ac1-b310-b7c4fd791b86,37d04efc-0ab2-4499-a891-54dca1013c74
7f60ffaa-d8c9-4faf-ad2e-863d935a2b9f,1b97e47e-ca18-4e50-9aae-a2853acca3f0
52a03b39-c826-48c0-b57e-e2d1d033221c,1b97e47e-ca18-4e50-9aae-a2853acca3f0
8a648a08-537e-403b-90a6-dc84efff3029,1b97e47e-ca18-4e50-9aae-a2853acca3f0
4624a61a-7719-4077-ab71-44782364b84e,05b7c688-09ba-4f33-90ea-185a1039df43
1fd01fff-e1fe-4009-b214-385a7112e394,05b7c688-09ba-4f33-90ea-185a1039df43
db885f7c-d183-471b-8d58-2c250a10719d,05b7c688-09ba-4f33-90ea-185a1039df43
124ab24d-ba06-4c8f-9444-525c46c4dbe4,af0c11b3-5f85-4868-af35-64d0d0086d33
279f8f52-83df-417d-a32e-f433c49e3288,6f19982e-8c27-45ae-936d-2c9d5b2bd6a6
9a6e1e42-6436-4e59-96cf-f5d1391bd8b4,6f19982e-8c27-45ae-936d-2c9d5b2bd6a6
c42bf89f-e44b-4763-9a9e-4f2bbf06aab7,e94f0e2d-2b5f-41ed-967f-d97e54dd81ea
694cee48-51c2-4ea8-9c07-e5ac45f8d067,23dec728-53a8-469a-91d4-8f706a12a51d
0d37f58b-f625-4963-b648-956c026f8861,d3a6b89f-cf5c-40cf-b2b3-ac1c8315c648
867fc03b-2651-490c-8edb-b4f86a3a2bf4,d7a6f475-7e4a-4d02-b412-acbdb0f1c005
6243f05c-71cd-4eeb-9f56-3d3cd06cc1a2,0448c79d-0ee0-42ff-9331-aeee70cef301
f4ba46ba-bc15-47be-8c79-97411fcf007b,88648f97-35a5-4384-b141-ac00b4f66209
8fbdaadb-8c4e-4fa5-b0e2-406e6428dfc0,f717ac77-6f06-493f-8336-4e660a18f74c
54160dca-ecb3-4d62-b80e-95970e8e834d,25eebe25-aaf2-48fc-ab7b-186d7498f393
b33de7b0-0d62-44ec-ba63-986a9c6de9e2,f3fa9e56-78ea-4539-a0b8-6c0ffac6afc7
78ee081b-f3f8-4b30-8b8d-e0feabf51f02,83de627f-524b-4162-a10c-384dc3e8107a
cf7920cd-3d30-481f-aeef-5ab03cfc14bc,6e05a9e8-ba07-4e6f-8337-31c5362d07fe
7763fe70-d760-4315-905a-b72f2c1c8752,c2142922-84d9-4564-8216-a4867b9e48c5
59e39fc7-b485-41b1-9e67-358c81731e35,995ec4fe-b3cc-4cf4-bd48-b89d4e3ea072
f864bb37-4154-49f1-a400-ef0d53996401,995ec4fe-b3cc-4cf4-bd48-b89d4e3ea072
6e7e4bf9-cca7-47c1-b392-fb173bbc50e7,efa4d726-64d7-4fd5-835c-402fd22d171b
37ca5d87-6914-40d2-ba63-9898e7fc8b83,f6bb99af-541a-4d41-9e47-cc36cb479d4b
7c487055-dd98-4872-ae47-7a6463710efd,ed521429-58b4-4c55-9bbe-4f4bfd2fcb1f
75e8df78-ace7-4930-b968-46c7c1e57180,a89c95c7-0b82-4162-b9d8-cc0205e9f7ec
9d57fb9b-3e76-48dc-805f-8699c7707aad,a89c95c7-0b82-4162-b9d8-cc0205e9f7ec
611c3988-95ff-4fc8-95ad-c0f666534d5c,a89c95c7-0b82-4162-b9d8-cc0205e9f7ec
9fd64409-eaed-4a49-8d7e-7c5e0a1d170e,773a16a7-3531-4b56-8253-babd15ad7f87
477057db-3d6e-4559-b8e1-5b790653aad3,00abb46f-34e2-4bf7-be30-1fb0b1de022f
1469f36e-d7b7-4c8c-bbcc-ccb83108e24d,00abb46f-34e2-4bf7-be30-1fb0b1de022f
771e8f21-5fb0-41f8-929e-5f5d43bd0e90,7d9c0d09-e833-4a74-811b-0af78da9c731
b78f48f8-ef6d-43b1-887f-16dd654ce022,bab30f88-eb92-4aac-ba6d-fb7c61f4b7d3
da234a19-4317-421a-8d03-e2caa3b8210f,9ad91eb4-9217-41aa-a547-7b86f7c68deb
6548afad-f4be-40fb-b40f-929205e88783,10337db6-8321-445e-a60b-28fc1e114f29
c8343d3a-703d-4697-bc01-48e84bedc871,fe311144-8c0e-4440-b068-6efd057e0f6a
0e81e05e-c506-4994-91f0-4f79acbe454d,6b8442f5-4766-4444-94b4-d6676277fd80
7b37bd6e-a465-4c4d-98b3-1a110a66d27e,94d7bc56-4cab-4038-bd3c-6ee40cf5a801
fa3b064e-43d3-47de-be29-978e78d76ad6,ccfb322a-20aa-4132-b58b-0f76acec8f5a
de877a28-8997-46c2-8e1f-ce6fcf125e5f,ccfb322a-20aa-4132-b58b-0f76acec8f5a
79f305d3-4619-499d-a0ef-d6f63014b15f,7a551dd8-b59c-4f59-9d50-c92cb61c5799
7954ddf9-0ba7-4d66-9997-5462b38b22f0,95b013a3-389a-4367-83b7-c9d68c28c406
cae15735-4958-4f19-9023-5ae9bfeacda4,e66121ff-b785-4f27-aa1b-180af31a17cc
183297e5-3ccc-48b3-b837-de95e10bda9a,e66121ff-b785-4f27-aa1b-180af31a17cc
fe2f207a-958f-4ece-9971-b46ce09c712c,63f34231-7369-4622-81f1-28a144d17835
7531f659-dcb2-4d58-b6e6-fa983046e41d,63f34231-7369-4622-81f1-28a144d17835
b3065d7e-b63b-40e2-9dd1-b95ad8e5aee1,63f34231-7369-4622-81f1-28a144d17835
49840f2e-e4fd-4145-8ca8-3cc6494f8a4e,63f34231-7369-4622-81f1-28a144d17835
0e624f30-b01f-42b7-b4d5-0d130654157c,6c6e70e7-5a19-46f2-9d95-34789fd20adc
6ba10980-af9b-4990-8a8b-9f375c416d55,b37048be-9b23-4458-a047-888956c69aa1
3ab5ac3e-2b2c-496f-ad87-29aae0ab39fc,bb49f49f-c7e9-4c7f-bc6e-094f42a4a45a
8197c0ba-77ed-44bf-9977-42e18aab4090,75061411-3afd-442f-b7d6-7607f97f639b
12362ca1-6f1a-43d3-8aaf-b25f1a22ed00,2eb9ed58-b9ba-4b47-b6a5-feed5bcf942e
c1d1143f-af7d-4e18-990b-b8553423e5df,48872b8f-5a3c-47ed-91b9-19e55f945be7
92bb4dc1-f8c6-41f5-91f1-4fef2b9404f7,5e11f2ae-77e8-4f1a-bd28-ad9e4ec97f01
5aaddb37-eca4-49fd-89b0-18e55c00a805,5e3a3a9f-7380-47c0-ad84-2c193861e106
bdc9088d-7c22-48a0-89c5-fcee3c36f153,3a46f6b4-0eec-49d4-bbfc-e2e8f64e6117
d25fd432-8e22-46b1-bef4-7fe04be2a8c4,68fb02a4-b406-4c3d-bb2f-817665677588
387c04ac-e3b5-4b98-aa34-97d682c63673,2acb1c30-735f-43c6-92ab-27794f46fc4e
bc54f09a-1d39-4fc2-9c68-6cbb7cf254d6,d446a52e-c4c1-4e74-ae30-3204620a0365
962fad79-ec09-4258-b233-d4934bfbbf61,0564e872-26bf-4aba-ae34-c9f34f2b9ea8
31f68f4a-a3de-409c-b235-a9614e8f6b40,6f4c74fe-db36-4b99-836e-7c0ba412c989
